9.312492012977600098e-01,-3.467001914978027344e+00,6.897889614105224609e+00
1.501911282539367676e+00,-3.999555110931396484e+00,1.272621899843215942e-01
3.019204735755920410e-01,-3.216613769531250000e+00,7.065537929534912109e+00
-3.733942031860351562e+00,-2.266360282897949219e+00,8.611334562301635742e-01
-1.996254682540893555e+00,-6.762318611145019531e-01,-2.758021831512451172e+00
-2.993503332138061523e+00,-2.487145900726318359e+00,9.881055355072021484e-01
1.093517780303955078e+00,-7.783608436584472656e-01,5.483586788177490234e+00
-1.996254086494445801e+00,-6.762316226959228516e-01,-2.758021354675292969e+00
-1.538229227066040039e+00,-6.882631778717041016e-01,-2.875612497329711914e+00
-2.873479761183261871e-02,-4.219168186187744141e+00,3.328691005706787109e+00
1.507073998451232910e+00,-2.987902164459228516e+00,4.251357078552246094e+00
-1.756078481674194336e+00,-1.306131124496459961e+00,7.207782268524169922e+00
2.967456579208374023e+00,-1.174536347389221191e+00,2.279263496398925781e+00
3.768212318420410156e+00,-1.568636298179626465e+00,4.981333732604980469e+00
-2.041912078857421875e+00,-6.492719650268554688e-01,-2.773497104644775391e+00
-1.331097006797790527e+00,-2.611189126968383789e+00,-1.206334352493286133e+00
1.790189266204833984e+00,-3.389368772506713867e+00,3.161573886871337891e+00
3.188636302947998047e+00,-2.576586961746215820e+00,3.296398639678955078e+00
1.166877031326293945e+00,2.581400632858276367e+00,4.958320140838623047e+00
-2.445382833480834961e+00,-2.609804153442382812e+00,7.948977947235107422e-01
-1.338129639625549316e+00,-3.579131364822387695e+00,2.353304862976074219e+00
1.414775013923645020e+00,-4.566232681274414062e+00,7.349251955747604370e-02
-3.733942031860351562e+00,-2.266360759735107422e+00,8.611322045326232910e-01
2.202263832092285156e+00,-2.892032861709594727e+00,1.460568904876708984e+00
-4.054352045059204102e-01,-1.761970162391662598e+00,-3.665842294692993164e+00
4.093318581581115723e-01,-6.494221687316894531e+00,3.074076890945434570e+00
2.249324321746826172e+00,-3.084172248840332031e+00,1.078991293907165527e-01
1.009442687034606934e+00,-2.686194658279418945e+00,5.791607856750488281e+00
-2.422352790832519531e+00,-1.976904869079589844e+00,-1.844321936368942261e-01
5.925189256668090820e-01,-3.697350502014160156e+00,2.332120686769485474e-01
-2.669479131698608398e+00,-1.963400363922119141e+00,8.287248015403747559e-01
-2.993502378463745117e+00,-2.487146377563476562e+00,9.881045818328857422e-01
-2.445381879806518555e+00,-2.609803676605224609e+00,7.948981523513793945e-01
-3.733942747116088867e+00,-2.266360521316528320e+00,8.611322641372680664e-01
7.419232130050659180e-01,-8.714921474456787109e-01,5.814668178558349609e+00
2.379878610372543335e-01,-2.389487266540527344e+00,6.207891941070556641e+00
-2.993503332138061523e+00,-2.487147092819213867e+00,9.881051778793334961e-01
-2.800366640090942383e+00,-2.306319713592529297e+00,1.236789822578430176e+00
3.301641225814819336e+00,-1.413839578628540039e+00,9.856079220771789551e-01
-1.977226376533508301e+00,-2.241126060485839844e+00,-1.168476976454257965e-02
-3.733943462371826172e+00,-2.266360282897949219e+00,8.611323237419128418e-01
-1.705226659774780273e+00,-5.799650549888610840e-01,-2.698429584503173828e+00
-3.733942031860351562e+00,-2.266359806060791016e+00,8.611335158348083496e-01
-2.612704992294311523e+00,-2.102319478988647461e+00,1.073605775833129883e+00
-3.733943223953247070e+00,-2.266360998153686523e+00,8.611331582069396973e-01
-3.733942985534667969e+00,-2.266360521316528320e+00,8.611325621604919434e-01
-3.733942508697509766e+00,-2.266361951828002930e+00,8.611317873001098633e-01
-2.445383310317993164e+00,-2.609804391860961914e+00,7.948986887931823730e-01
-3.733943223953247070e+00,-2.266360521316528320e+00,8.611320853233337402e-01
-2.781266450881958008e+00,-1.851183772087097168e+00,8.384238481521606445e-01
-1.705227017402648926e+00,-5.799665451049804688e-01,-2.698429107666015625e+00
-3.733942508697509766e+00,-2.266360521316528320e+00,8.611318469047546387e-01
-3.733942508697509766e+00,-2.266360044479370117e+00,8.611337542533874512e-01
-2.604548454284667969e+00,-2.768124580383300781e+00,1.525368690490722656e+00
-1.973890781402587891e+00,-8.625479340553283691e-01,-3.327033042907714844e+00
2.861919641494750977e+00,-2.210293769836425781e+00,2.080856084823608398e+00
-3.733941793441772461e+00,-2.266358852386474609e+00,8.611342310905456543e-01
-1.141398668289184570e+00,9.970690011978149414e-01,6.927320480346679688e+00
2.350367784500122070e+00,-3.098600387573242188e+00,7.583733797073364258e-01
-2.372173070907592773e+00,-1.500205636024475098e+00,9.169363975524902344e+00
-1.816909670829772949e+00,-2.322232484817504883e+00,-1.275866746902465820e+00
-1.252939939498901367e+00,-2.815311908721923828e+00,-7.895834445953369141e-01
-2.445382595062255859e+00,-2.609803676605224609e+00,7.948983311653137207e-01
-2.993504524230957031e+00,-2.487147092819213867e+00,9.881036877632141113e-01
-1.705225944519042969e+00,-5.799652934074401855e-01,-2.698428869247436523e+00
1.166923522949218750e+00,2.581373691558837891e+00,4.958316326141357422e+00
-2.993504524230957031e+00,-2.487147331237792969e+00,9.881039261817932129e-01
3.213181257247924805e+00,-1.495295643806457520e+00,1.647447586059570312e+00
-2.993504285812377930e+00,-2.487147569656372070e+00,9.881042838096618652e-01
2.382097244262695312e+00,-3.009910106658935547e+00,9.835420250892639160e-01
2.174305200576782227e+00,-2.964827537536621094e+00,1.335060715675354004e+00
3.213182687759399414e+00,-1.495296359062194824e+00,1.647447705268859863e+00
-1.538228511810302734e+00,-6.882631778717041016e-01,-2.875612258911132812e+00
-2.217097282409667969e+00,-1.629244565963745117e+00,-6.678097844123840332e-01
-3.733943462371826172e+00,-2.266360282897949219e+00,8.611342310905456543e-01
2.212743043899536133e+00,-3.034126281738281250e+00,7.485933303833007812e-01
3.165880680084228516e+00,-1.552838563919067383e+00,1.585360407829284668e+00
-3.733942747116088867e+00,-2.266360282897949219e+00,8.611312508583068848e-01
-3.733941555023193359e+00,-2.266360282897949219e+00,8.611325621604919434e-01
-1.705226898193359375e+00,-5.799657106399536133e-01,-2.698429346084594727e+00
2.174305200576782227e+00,-2.964827060699462891e+00,1.335059762001037598e+00
-1.429393172264099121e+00,-2.958931922912597656e+00,1.953573226928710938e+00
-3.288106918334960938e+00,-1.285690069198608398e+00,6.952521800994873047e+00
-1.915132254362106323e-02,-4.424997806549072266e+00,3.524297237396240234e+00
-1.705226540565490723e+00,-5.799661278724670410e-01,-2.698429346084594727e+00
-8.304867893457412720e-02,-1.015914320945739746e+00,6.457471370697021484e+00
-1.705226659774780273e+00,-5.799655914306640625e-01,-2.698429107666015625e+00
8.905469775199890137e-01,-2.385516881942749023e+00,1.953583836555480957e+00
-1.705226778984069824e+00,-5.799657106399536133e-01,-2.698429346084594727e+00
-1.705226778984069824e+00,-5.799657106399536133e-01,-2.698429346084594727e+00
1.043764591217041016e+00,-2.585304975509643555e+00,5.782392024993896484e+00
-1.844561994075775146e-01,-4.263701915740966797e+00,3.689683675765991211e+00
-4.217557907104492188e+00,-1.699804663658142090e-01,6.480951309204101562e+00
8.802144974470138550e-02,-4.430045127868652344e+00,3.630949258804321289e+00
-1.705227136611938477e+00,-5.799663066864013672e-01,-2.698429346084594727e+00
2.784625768661499023e+00,-2.556132078170776367e+00,2.555891513824462891e+00
-1.705227017402648926e+00,-5.799658298492431641e-01,-2.698429584503173828e+00
-6.874193549156188965e-01,-2.841756105422973633e+00,1.979540348052978516e+00
-2.013742178678512573e-01,-4.533190250396728516e+00,4.045275211334228516e+00
-1.705226540565490723e+00,-5.799659490585327148e-01,-2.698429107666015625e+00
-5.024682998657226562e+00,3.850635528564453125e+00,2.535782814025878906e+00
-2.744779586791992188e+00,1.247970819473266602e+00,-9.996705651283264160e-01
-2.385157823562622070e+00,2.087507098913192749e-01,-2.848677158355712891e+00
-3.996022939682006836e+00,1.241129994392395020e+00,-1.508775591850280762e+00
-4.000831604003906250e+00,1.136232972145080566e+00,-1.357568621635437012e+00
-4.447074890136718750e+00,1.419610619544982910e+00,-1.029820799827575684e+00
-3.699978828430175781e+00,1.176295876502990723e+00,-2.017195940017700195e+00
-2.887989282608032227e+00,7.068498730659484863e-01,-2.086058616638183594e+00
-3.987874746322631836e+00,1.852274775505065918e+00,-7.868877649307250977e-01
-3.711070299148559570e+00,4.660556316375732422e+00,-1.886545419692993164e-01
-2.416824579238891602e+00,4.291990995407104492e-01,-2.642995595932006836e+00
-3.418659925460815430e+00,2.843940496444702148e+00,-3.134681284427642822e-01
-3.442734718322753906e+00,2.777690887451171875e+00,-2.792706191539764404e-01
-2.643039703369140625e+00,5.179608821868896484e+00,-1.433925986289978027e+00
-3.080146551132202148e+00,3.365308523178100586e+00,2.775968074798583984e+00
-1.795843243598937988e+00,3.126986265182495117e+00,4.983894824981689453e+00
-4.876100063323974609e+00,1.080002665519714355e+00,1.561402797698974609e+00
-4.486314296722412109e+00,3.636068105697631836e+00,1.538860917091369629e+00
-2.385157823562622070e+00,2.087506651878356934e-01,-2.848677635192871094e+00
-3.977873325347900391e+00,1.657928347587585449e+00,-1.248414278030395508e+00
-4.071186065673828125e+00,1.221807003021240234e+00,-1.181668519973754883e+00
-1.926813244819641113e+00,-2.696616053581237793e-01,-3.621393918991088867e+00
-3.361563205718994141e+00,1.632762789726257324e+00,-7.137953639030456543e-01
-3.403591156005859375e+00,4.506659507751464844e+00,-6.430038213729858398e-01
-3.409804821014404297e+00,1.717961788177490234e+00,-6.627409458160400391e-01
-4.083526134490966797e+00,1.401969790458679199e+00,-1.306513071060180664e+00
-1.351225972175598145e+00,2.646091699600219727e+00,2.938369512557983398e+00
-3.757979869842529297e+00,9.943809509277343750e-01,-6.759121417999267578e-01
-4.008307456970214844e+00,1.450707197189331055e+00,-1.338574767112731934e+00
1.086594462394714355e+00,6.427712917327880859e+00,3.066795110702514648e+00
-4.050595283508300781e+00,-4.383207485079765320e-02,1.285969257354736328e+00
-2.830087184906005859e+00,3.659217119216918945e+00,-1.187964916229248047e+00
-4.006772518157958984e+00,1.105576515197753906e+00,-1.352025628089904785e+00
-2.923243045806884766e+00,5.427182197570800781e+00,-1.054739475250244141e+00
-5.275588512420654297e+00,3.736894845962524414e+00,2.754275560379028320e+00
-3.592935800552368164e+00,1.446342110633850098e+00,-1.902920007705688477e+00
-3.088287353515625000e+00,1.675974130630493164e+00,-1.354440808296203613e+00
-2.557328701019287109e+00,1.161853000521659851e-01,-2.360850095748901367e+00
-3.551508665084838867e+00,6.984868049621582031e-01,-2.083752155303955078e+00
-2.071236848831176758e+00,4.843637466430664062e+00,1.871984839439392090e+00
-2.648090600967407227e+00,4.209806919097900391e-01,-2.173119306564331055e+00
-2.835327386856079102e+00,8.563982248306274414e-01,-3.188645601272583008e+00
-2.881197452545166016e+00,6.560977697372436523e-01,-2.687340497970581055e+00
-3.403264999389648438e+00,1.063330173492431641e+00,-2.224706172943115234e+00
-3.394608736038208008e+00,1.108445882797241211e+00,-2.326761960983276367e+00
-2.830086231231689453e+00,3.659219264984130859e+00,-1.187964677810668945e+00
-2.700023651123046875e+00,6.981248259544372559e-01,-2.170084714889526367e+00
-2.284341573715209961e+00,-1.933580935001373291e-01,-3.068865299224853516e+00
-2.949039220809936523e+00,4.408167362213134766e+00,-1.050777077674865723e+00
-3.203936576843261719e+00,3.861066102981567383e+00,3.090045928955078125e+00
-4.435497283935546875e+00,1.535690784454345703e+00,-1.176552295684814453e+00
-2.569838047027587891e+00,5.776788234710693359e+00,-9.292137026786804199e-01
-1.039043188095092773e+00,7.706412076950073242e-01,-1.112285614013671875e+00
-3.059890985488891602e+00,1.947686910629272461e+00,-8.803635239601135254e-01
-1.895166635513305664e+00,-2.915421426296234131e-01,-3.630731821060180664e+00
-3.071042537689208984e+00,3.209100067615509033e-01,-2.428784608840942383e+00
-4.501700878143310547e+00,2.734038352966308594e+00,1.193701744079589844e+00
-5.004955291748046875e+00,2.771332025527954102e+00,4.982784390449523926e-01
-1.516137242317199707e+00,-1.381321907043457031e+00,-2.406200170516967773e+00
-2.887984037399291992e+00,1.253527402877807617e+00,-2.076571941375732422e+00
-3.305282354354858398e+00,2.953141450881958008e+00,-6.001478433609008789e-01
-3.415819168090820312e+00,2.005466938018798828e+00,-8.067765831947326660e-01
-3.640065431594848633e+00,8.399507403373718262e-01,-2.042514801025390625e+00
-3.146381616592407227e+00,3.398281097412109375e+00,-7.693257331848144531e-01
-3.471052885055541992e+00,2.990766525268554688e+00,2.691870689392089844e+00
-3.408766508102416992e+00,-4.197281002998352051e-01,-1.758451163768768311e-01
-3.021209478378295898e+00,4.317303657531738281e+00,-1.047158479690551758e+00
-3.421058177947998047e+00,2.680166244506835938e+00,-2.026937484741210938e+00
-2.193119525909423828e+00,5.635792732238769531e+00,-1.582335233688354492e+00
-2.927920341491699219e+00,4.486959934234619141e+00,-1.924561858177185059e+00
-2.849489927291870117e+00,1.691275715827941895e+00,-1.863215327262878418e+00
-4.419849872589111328e+00,4.001839637756347656e+00,1.561749815940856934e+00
-3.115956068038940430e+00,2.664084136486053467e-01,-2.388723611831665039e+00
-1.909103751182556152e+00,-2.090113610029220581e-01,-3.622434854507446289e+00
-2.512598037719726562e+00,1.295441985130310059e+00,-2.225992918014526367e+00
-3.378505468368530273e+00,3.180200815200805664e+00,-4.266273975372314453e-01
-3.009974956512451172e+00,1.607257127761840820e+00,-1.605881452560424805e+00
-3.493422269821166992e+00,2.745110750198364258e+00,-3.325285613536834717e-01
-2.416825056076049805e+00,4.291993081569671631e-01,-2.642995595932006836e+00
-2.686184644699096680e+00,2.800249814987182617e+00,-2.441247940063476562e+00
-3.180380582809448242e+00,4.163114070892333984e+00,2.085196971893310547e+00
-1.930158615112304688e+00,-1.078018844127655029e-01,-3.217491388320922852e+00
-2.220416665077209473e-01,2.059296369552612305e+00,-1.423388123512268066e+00
-3.521381855010986328e+00,1.916128635406494141e+00,-3.947075307369232178e-01
-3.403491735458374023e+00,2.653789758682250977e+00,-3.888438045978546143e-01
-3.352336645126342773e+00,1.043280482292175293e+00,-9.417629241943359375e-01
-2.519479036331176758e+00,4.413296699523925781e+00,-1.384917140007019043e+00
-2.908735990524291992e+00,5.616248130798339844e+00,-8.473432064056396484e-02
-3.080146312713623047e+00,3.365309238433837891e+00,2.775968313217163086e+00
-2.570149421691894531e+00,1.251934915781021118e-01,-2.352781534194946289e+00
1.008065223693847656e+00,-1.394992470741271973e+00,5.454184055328369141e+00
-8.489266037940979004e-01,2.507387399673461914e+00,-8.527035713195800781e-01
-2.102130174636840820e+00,-3.461679220199584961e-01,-2.739588499069213867e+00
-4.229959487915039062e+00,2.271849393844604492e+00,6.528044939041137695e-01
-2.958722352981567383e+00,1.816537678241729736e-01,-2.277822971343994141e+00
-4.229959964752197266e+00,2.271848201751708984e+00,6.528056859970092773e-01
-4.119936466217041016e+00,8.250749111175537109e-01,-1.217000842094421387e+00
-3.537637472152709961e+00,7.467817068099975586e-01,-2.127353906631469727e+00
-3.922006845474243164e+00,2.376361608505249023e+00,1.415622532367706299e-01
-3.764701128005981445e+00,6.633942127227783203e-01,-1.470854640007019043e+00
5.610745429992675781e+00,3.555391311645507812e+00,1.194396376609802246e+00
2.589213550090789795e-01,-1.334257364273071289e+00,-1.293128967285156250e+00
4.774522781372070312e+00,1.505254864692687988e+00,6.188127994537353516e-01
2.102170705795288086e+00,-2.665267944335937500e+00,-2.168160438537597656e+00
5.108867645263671875e+00,3.971777558326721191e-01,9.649708867073059082e-01
3.490651369094848633e+00,1.516339898109436035e+00,-4.890634417533874512e-01
3.745226860046386719e+00,5.222033262252807617e-01,2.534454464912414551e-01
4.303724169731140137e-01,-7.740606665611267090e-01,-2.944459676742553711e+00
4.314995765686035156e+00,3.883947134017944336e-01,1.194937348365783691e+00
4.260551452636718750e+00,1.713548302650451660e+00,-1.007741242647171021e-01
4.734660148620605469e+00,2.606382369995117188e+00,1.588331103324890137e+00
5.214904785156250000e+00,3.046757459640502930e+00,8.562684655189514160e-01
5.214903831481933594e+00,3.046761035919189453e+00,8.562685251235961914e-01
5.215720653533935547e+00,2.836966276168823242e+00,5.939257740974426270e-01
3.892853975296020508e+00,4.790758490562438965e-01,9.746980667114257812e-01
5.214902877807617188e+00,3.046765089035034180e+00,8.562688231468200684e-01
2.274846792221069336e+00,-2.841999769210815430e+00,-1.505140542984008789e+00
4.314996242523193359e+00,3.883945345878601074e-01,1.194936871528625488e+00
3.606266260147094727e+00,-2.395495623350143433e-01,-1.031241342425346375e-01
1.166926264762878418e+00,2.581341743469238281e+00,4.958312511444091797e+00
4.086813449859619141e+00,5.204219818115234375e-01,8.483653664588928223e-01
3.038333654403686523e+00,3.540458917617797852e+00,2.325469255447387695e-01
4.389443397521972656e+00,4.908161759376525879e-01,5.773949027061462402e-01
5.039695739746093750e+00,3.622445106506347656e+00,1.604489684104919434e+00
3.784467220306396484e+00,1.052930235862731934e+00,7.675976753234863281e-01
4.086811065673828125e+00,5.204237699508666992e-01,8.483677506446838379e-01
5.031058311462402344e+00,2.206541061401367188e+00,1.091905117034912109e+00
4.734661102294921875e+00,2.606381177902221680e+00,1.588329315185546875e+00
4.314995288848876953e+00,3.883969783782958984e-01,1.194937825202941895e+00
4.314994335174560547e+00,3.883960247039794922e-01,1.194939613342285156e+00
4.314996242523193359e+00,3.883951604366302490e-01,1.194936871528625488e+00
9.434260129928588867e-01,-1.993513464927673340e+00,-2.801968336105346680e+00
2.682051897048950195e+00,-2.731151103973388672e+00,-1.831992626190185547e+00
4.314995765686035156e+00,3.883950412273406982e-01,1.194937586784362793e+00
4.180006980895996094e+00,1.697611212730407715e-01,1.031821250915527344e+00
4.314996242523193359e+00,3.883947730064392090e-01,1.194936752319335938e+00
4.037446022033691406e+00,4.201683402061462402e-01,7.906851768493652344e-01
2.680137395858764648e+00,-1.791859030723571777e+00,-1.516301631927490234e+00
4.314996242523193359e+00,3.883956074714660645e-01,1.194937825202941895e+00
4.646981716156005859e+00,1.162092685699462891e+00,9.063219428062438965e-01
2.841652631759643555e+00,1.397362351417541504e+00,-2.213697671890258789e+00
3.892853021621704102e+00,4.790763258934020996e-01,9.746989607810974121e-01
3.784466266632080078e+00,1.052929639816284180e+00,7.675982117652893066e-01
3.892854452133178711e+00,4.790751636028289795e-01,9.746978282928466797e-01
3.892854928970336914e+00,4.790745973587036133e-01,9.746977686882019043e-01
2.826063156127929688e+00,-1.537308454513549805e+00,-2.277235746383666992e+00
3.730717420578002930e+00,-6.756466627120971680e-01,9.248507618904113770e-01
2.761424064636230469e+00,-1.087289214134216309e+00,-1.125698089599609375e+00
3.443965196609497070e+00,1.908440440893173218e-01,-1.846813112497329712e-01
8.721238970756530762e-01,1.220813274383544922e+00,-1.945674538612365723e+00
2.367695093154907227e+00,-2.113549232482910156e+00,-2.276792287826538086e+00
1.068137764930725098e+00,-1.431758761405944824e+00,-4.013018608093261719e+00
4.945415973663330078e+00,2.668072462081909180e+00,1.036549210548400879e+00
4.408044815063476562e+00,8.855578899383544922e-01,1.273607015609741211e-01
1.955233812332153320e+00,-2.891536951065063477e+00,-2.846259117126464844e+00
4.043580532073974609e+00,-6.797907352447509766e-01,-3.103145956993103027e-01
2.554854154586791992e+00,-3.942328691482543945e-01,-9.820717573165893555e-01
8.480669260025024414e-01,-1.921662807464599609e+00,-2.878371000289916992e+00
4.113677024841308594e+00,1.755788326263427734e+00,4.830491244792938232e-01
2.015821218490600586e+00,-1.548529863357543945e+00,-2.368469238281250000e+00
2.363326311111450195e+00,-1.237751603126525879e+00,-1.213842034339904785e+00
4.224971294403076172e+00,1.678319811820983887e+00,-1.495468616485595703e-01
2.672147035598754883e+00,-1.087588071823120117e+00,-7.960923910140991211e-01
3.100232601165771484e+00,-1.597466349601745605e+00,-1.652566313743591309e+00
1.166927576065063477e+00,2.581362485885620117e+00,4.958314895629882812e+00
3.051718711853027344e+00,-1.797353744506835938e+00,-1.250553131103515625e+00
4.543271541595458984e+00,-7.315431833267211914e-01,-5.861353278160095215e-01
1.575018525123596191e+00,1.658093333244323730e+00,-1.540504455566406250e+00
3.445875167846679688e+00,1.590255856513977051e+00,-5.639551952481269836e-02
3.439949274063110352e+00,-5.150195956230163574e-01,-8.218436241149902344e-01
1.669765591621398926e+00,-2.557769775390625000e+00,-1.824478030204772949e+00
3.452689170837402344e+00,1.822992563247680664e+00,-2.581189274787902832e-01
2.660710811614990234e+00,-2.354572057723999023e+00,-7.190520763397216797e-01
3.023241519927978516e+00,2.834166288375854492e-01,-5.718882083892822266e-01
3.002760648727416992e+00,-1.709639906883239746e+00,-9.320017099380493164e-01
3.353510618209838867e+00,8.311042189598083496e-01,6.953805219382047653e-03
2.341310977935791016e+00,-1.992509126663208008e+00,-1.179188132286071777e+00
2.646598339080810547e+00,-1.115608215332031250e+00,-1.255211234092712402e+00
9.735188484191894531e-01,-1.196624562144279480e-01,-2.825475454330444336e+00
1.848703265190124512e+00,-2.145409107208251953e+00,-2.090951442718505859e+00
1.883409857749938965e+00,-1.695028424263000488e+00,-2.110067844390869141e+00
2.729051113128662109e+00,-7.006381154060363770e-01,-2.662909626960754395e-01
2.996671438217163086e+00,-1.505470871925354004e+00,-1.734919697046279907e-01
2.588984251022338867e+00,-1.764619588851928711e+00,-8.773220181465148926e-01
2.010847330093383789e+00,-1.101252198219299316e+00,-1.892219543457031250e+00
2.089169740676879883e+00,-1.637894153594970703e+00,-1.814617156982421875e+00
4.397368431091308594e+00,4.541251361370086670e-01,5.455489754676818848e-01
2.534357309341430664e+00,-8.715289235115051270e-01,-7.866070866584777832e-01
4.309470653533935547e+00,3.129787147045135498e-01,6.456954479217529297e-01
3.026439428329467773e+00,-1.063422560691833496e+00,-1.627387642860412598e+00
2.684841632843017578e+00,-1.571536779403686523e+00,-1.559512853622436523e+00
1.724679589271545410e+00,-2.324521541595458984e+00,-2.248339653015136719e+00
3.921101331710815430e+00,2.469215691089630127e-01,6.012905240058898926e-01
2.802063465118408203e+00,-2.092228174209594727e+00,-2.226082324981689453e+00
2.767687320709228516e+00,-3.899506926536560059e-01,-1.516484737396240234e+00
3.080113172531127930e+00,1.909955263137817383e+00,-7.011438608169555664e-01
5.966013669967651367e-01,9.080661833286285400e-02,-7.893616557121276855e-01
3.506062746047973633e+00,1.530569672584533691e+00,-1.147672906517982483e-01
3.507603645324707031e+00,1.691413998603820801e+00,-7.500613480806350708e-02
4.533855915069580078e+00,9.942912459373474121e-01,9.568903595209121704e-02
-3.198943138122558594e+00,2.092821359634399414e+00,-1.163198351860046387e+00
1.126565456390380859e+00,4.776350498199462891e+00,2.309704303741455078e+00
-3.096403360366821289e+00,2.383822441101074219e+00,-1.008284807205200195e+00
-3.377449512481689453e+00,1.253616929054260254e+00,-8.658995032310485840e-01
-8.322527408599853516e-01,4.406320571899414062e+00,1.173020720481872559e+00
-3.120284318923950195e+00,1.580673456192016602e+00,-1.173547387123107910e+00
-3.508740663528442383e+00,2.146188259124755859e+00,-4.020284712314605713e-01
-2.830086946487426758e+00,3.659219026565551758e+00,-1.187964320182800293e+00
-2.830086469650268555e+00,3.659218072891235352e+00,-1.187964320182800293e+00
-3.564905643463134766e+00,1.601662635803222656e+00,-9.917783737182617188e-01
-1.339252710342407227e+00,3.152845859527587891e+00,-5.674357414245605469e-01
-3.415820121765136719e+00,2.005467414855957031e+00,-8.067768216133117676e-01
-3.345058679580688477e+00,1.063503384590148926e+00,-9.183899760246276855e-01
-3.650257110595703125e+00,1.402930617332458496e+00,-1.216852545738220215e+00
-3.472228288650512695e+00,2.501922845840454102e+00,-3.735692799091339111e-01
-3.338727474212646484e+00,2.235280036926269531e+00,-6.569190025329589844e-01
-4.675064563751220703e+00,3.031806468963623047e+00,-5.870737880468368530e-02
-2.790330171585083008e+00,1.259213328361511230e+00,-1.039629459381103516e+00
-4.941030025482177734e+00,1.578416824340820312e+00,1.525793910026550293e+00
-2.473038434982299805e+00,3.888133525848388672e+00,-1.248538732528686523e+00
-3.368779659271240234e+00,2.371909856796264648e+00,-6.080299615859985352e-01
-3.121347665786743164e+00,1.607518911361694336e+00,-1.096378564834594727e+00
-2.401412010192871094e+00,3.738279581069946289e+00,1.033457875251770020e+00
-2.830088138580322266e+00,3.659219026565551758e+00,-1.187965512275695801e+00
-4.706171512603759766e+00,3.682780504226684570e+00,1.563063502311706543e+00
-3.285114288330078125e+00,1.433922052383422852e+00,-1.193838596343994141e+00
-2.771440505981445312e+00,2.239535331726074219e+00,-1.221336364746093750e+00
-4.260770320892333984e+00,3.213689327239990234e+00,7.780418992042541504e-01
-3.626555204391479492e+00,1.351819396018981934e+00,-1.046029567718505859e+00
-3.472228765487670898e+00,2.501922369003295898e+00,-3.735693097114562988e-01
-2.830085515975952148e+00,3.659220933914184570e+00,-1.187964677810668945e+00
-3.198943376541137695e+00,2.092823505401611328e+00,-1.163197040557861328e+00
-2.473038673400878906e+00,3.888135194778442383e+00,-1.248539328575134277e+00
-3.088137388229370117e+00,4.335947036743164062e+00,-1.695451259613037109e+00
-2.184229135513305664e+00,2.709195137023925781e+00,-2.368832349777221680e+00
-3.412272214889526367e+00,2.799511432647705078e+00,-2.080466598272323608e-02
-1.620203018188476562e+00,-1.812838017940521240e-01,-3.877972841262817383e+00
-2.766972541809082031e+00,3.848080396652221680e+00,1.649808406829833984e+00
-4.404939651489257812e+00,2.854226589202880859e+00,-2.458946853876113892e-01
-2.783845663070678711e+00,1.867789745330810547e+00,-1.314733147621154785e+00
-2.830085992813110352e+00,3.659217119216918945e+00,-1.187964200973510742e+00
-4.057521820068359375e+00,1.477585554122924805e+00,-1.308297872543334961e+00
-3.634827136993408203e+00,3.537967443466186523e+00,-1.004434466361999512e+00
-3.493833780288696289e+00,1.972334027290344238e+00,-7.179936766624450684e-01
-4.530798435211181641e+00,2.959418535232543945e+00,5.601827502250671387e-01
-3.023604393005371094e+00,1.961646437644958496e+00,-8.806131482124328613e-01
-3.228051185607910156e+00,3.860799551010131836e+00,2.535772919654846191e-01
-2.768718242645263672e+00,5.285929679870605469e+00,-7.529880404472351074e-01
-3.774482965469360352e+00,3.434795618057250977e+00,1.256736040115356445e+00
-1.972491145133972168e+00,5.134275436401367188e+00,-3.491396903991699219e-01
-4.657370567321777344e+00,1.467114448547363281e+00,-5.613600015640258789e-01
-2.802261829376220703e+00,2.723213434219360352e+00,-4.312651157379150391e-01
-3.713866233825683594e+00,3.633337020874023438e+00,1.072572112083435059e+00
-2.394562721252441406e+00,3.800823450088500977e+00,-2.786016464233398438e-01
-3.900877714157104492e+00,2.836646080017089844e+00,7.486565113067626953e-01
-3.371919393539428711e+00,3.763854026794433594e+00,-8.684834241867065430e-01
-3.616982460021972656e+00,3.460428476333618164e+00,7.268683910369873047e-01
-3.968146324157714844e+00,3.294794082641601562e+00,1.354501962661743164e+00
-3.469435691833496094e+00,1.580956816673278809e+00,-1.358663439750671387e+00
-1.826278448104858398e+00,4.072500705718994141e+00,-7.326800823211669922e-01
-3.053582191467285156e+00,2.925612449645996094e+00,-3.610981106758117676e-01
-2.808312177658081055e+00,4.399808406829833984e+00,6.805983781814575195e-01
-3.396556138992309570e+00,1.103909850120544434e+00,-1.011959552764892578e+00
-3.586768150329589844e+00,3.748393774032592773e+00,8.891258835792541504e-01
-4.470285415649414062e+00,2.516124248504638672e+00,1.361240595579147339e-01
-3.519031524658203125e+00,2.308908224105834961e+00,-3.001414239406585693e-01
-3.847978115081787109e+00,2.222065210342407227e+00,-3.121001124382019043e-01
-3.129875659942626953e+00,1.359167456626892090e+00,-9.070134758949279785e-01
-3.323679685592651367e+00,4.837507247924804688e+00,4.475157856941223145e-01
-3.145368337631225586e+00,4.848583221435546875e+00,2.378914356231689453e+00
-3.536738395690917969e+00,1.580506324768066406e+00,-5.309360027313232422e-01
-3.563162565231323242e+00,3.919681787490844727e+00,1.140103578567504883e+00
-2.932517290115356445e+00,1.458912730216979980e+00,-1.216275930404663086e+00
-1.837723135948181152e+00,5.615792274475097656e+00,-4.859167635440826416e-01
-2.293177127838134766e+00,2.703064441680908203e+00,-4.893893897533416748e-01
-3.104354381561279297e+00,4.837700366973876953e+00,1.769517183303833008e+00
-3.465448141098022461e+00,4.249783515930175781e+00,6.155214309692382812e-01
-3.307892084121704102e+00,3.440826177597045898e+00,-3.336016321554780006e-03
-2.899026870727539062e+00,5.776655197143554688e+00,-3.003301620483398438e-01
-2.839216947555541992e+00,1.252847671508789062e+00,-1.403861045837402344e+00
-3.132806301116943359e+00,3.332549333572387695e+00,6.034672260284423828e-01
-2.988014936447143555e+00,2.516047000885009766e+00,-5.765610933303833008e-01
-3.623083829879760742e+00,3.768913745880126953e+00,1.029891610145568848e+00
-3.090166568756103516e+00,4.183552742004394531e+00,-1.992228031158447266e-01
-3.934514284133911133e+00,3.868775606155395508e+00,1.367697000503540039e+00
-3.011422157287597656e+00,2.508004426956176758e+00,-5.349858999252319336e-01
-3.098605871200561523e+00,2.534861803054809570e+00,-3.420142531394958496e-01
-1.429047465324401855e+00,5.182885646820068359e+00,2.058371782302856445e+00
-3.962569952011108398e+00,3.317943811416625977e+00,1.209298968315124512e+00
-3.853724479675292969e+00,4.803435325622558594e+00,1.513924360275268555e+00
-2.742838144302368164e+00,1.373792290687561035e+00,-1.359769225120544434e+00
-3.302488565444946289e+00,2.972130298614501953e+00,6.084396243095397949e-01
-3.406985044479370117e+00,2.617805480957031250e+00,-8.355799317359924316e-02
-2.521958112716674805e+00,3.130958080291748047e+00,-1.827332973480224609e-01
-3.311391830444335938e+00,4.629399776458740234e+00,3.607666194438934326e-01
-3.973888635635375977e+00,3.563589096069335938e+00,1.341081261634826660e+00
-1.826279163360595703e+00,4.072503566741943359e+00,-7.326808571815490723e-01
-3.353339433670043945e+00,3.359592199325561523e+00,3.384726643562316895e-01
-3.311391830444335938e+00,4.629399776458740234e+00,3.607665896415710449e-01
-2.406798601150512695e+00,5.881146430969238281e+00,-8.335604071617126465e-01
2.343849182128906250e+00,-3.652534484863281250e+00,-4.444760978221893311e-01
2.383899927139282227e+00,-3.685837030410766602e+00,-6.684463620185852051e-01
4.368235111236572266e+00,-1.359270095825195312e+00,3.193664550781250000e+00
2.447916030883789062e+00,-3.180974721908569336e+00,3.370474100112915039e+00
4.368234634399414062e+00,-1.359269976615905762e+00,3.193663597106933594e+00
4.368235588073730469e+00,-1.359270334243774414e+00,3.193664550781250000e+00
3.406251430511474609e+00,-2.036237478256225586e+00,3.557919502258300781e+00
4.168230056762695312e+00,-1.610213160514831543e+00,2.778527975082397461e+00
4.168229103088378906e+00,-1.610212445259094238e+00,2.778527736663818359e+00
3.406251430511474609e+00,-2.036237716674804688e+00,3.557920694351196289e+00
3.406250476837158203e+00,-2.036237239837646484e+00,3.557920694351196289e+00
4.368235588073730469e+00,-1.359270453453063965e+00,3.193664550781250000e+00
2.109199762344360352e+00,-3.040416479110717773e+00,5.227819085121154785e-02
7.373262047767639160e-01,-4.415919780731201172e+00,8.306390047073364258e-01
6.363018155097961426e-01,-4.447569847106933594e+00,6.983051300048828125e-01
7.596168518066406250e-01,-4.299004554748535156e+00,1.024942845106124878e-01
7.596169114112854004e-01,-4.299004554748535156e+00,1.024943366646766663e-01
2.784538745880126953e+00,-2.613241910934448242e+00,2.759412050247192383e+00
4.368234634399414062e+00,-1.359269976615905762e+00,3.193663835525512695e+00
4.294263362884521484e+00,-1.153192877769470215e+00,2.765466928482055664e+00
4.294263839721679688e+00,-1.153192996978759766e+00,2.765467166900634766e+00
4.294263839721679688e+00,-1.153192877769470215e+00,2.765467405319213867e+00
1.596087932586669922e+00,-2.662881851196289062e+00,2.727285146713256836e+00
4.282421618700027466e-02,-2.065878152847290039e+00,4.696923255920410156e+00
3.826424479484558105e-01,-1.626765370368957520e+00,5.962900161743164062e+00
3.826429247856140137e-01,-1.626765131950378418e+00,5.962899208068847656e+00
7.433010935783386230e-01,-4.814743041992187500e+00,1.456415891647338867e+00
8.320943713188171387e-01,-3.911676406860351562e+00,3.253248453140258789e+00
3.240223407745361328e+00,-2.822780370712280273e+00,2.960791349411010742e+00
-1.917729496955871582e+00,2.297711133956909180e+00,7.492218017578125000e+00
1.173046231269836426e+00,-5.578128695487976074e-01,5.746274471282958984e+00
1.173046469688415527e+00,-5.578142404556274414e-01,5.746274471282958984e+00
1.173046469688415527e+00,-5.578140616416931152e-01,5.746274471282958984e+00
1.173047184944152832e+00,-5.578144788742065430e-01,5.746274471282958984e+00
1.173046946525573730e+00,-5.578147768974304199e-01,5.746274948120117188e+00
7.282254695892333984e-01,-4.374665260314941406e+00,-1.007583260536193848e+00
6.070980802178382874e-02,-4.646556377410888672e+00,8.387480974197387695e-01
9.905287027359008789e-01,-4.833410739898681641e+00,3.099717795848846436e-01
1.159890890121459961e+00,-4.612903594970703125e+00,3.075431287288665771e-01
3.712116479873657227e-01,-4.242418289184570312e+00,-4.142596125602722168e-01
-5.478718876838684082e-01,-4.121420860290527344e+00,1.127250671386718750e+00
3.712116479873657227e-01,-4.242418289184570312e+00,-4.142597317695617676e-01
-4.665001481771469116e-02,-4.248198986053466797e+00,3.613676726818084717e-01
-4.665046185255050659e-02,-4.248199462890625000e+00,3.613668382167816162e-01
6.140828728675842285e-01,-4.081270694732666016e+00,-3.678403198719024658e-01
-1.917728781700134277e+00,2.297710895538330078e+00,7.492217540740966797e+00
-1.917731881141662598e+00,2.297714233398437500e+00,7.492216110229492188e+00
-2.534404277801513672e+00,-9.161101579666137695e-01,7.028053283691406250e+00
-4.222747087478637695e-01,-2.238147258758544922e+00,6.268372535705566406e+00
-5.992088317871093750e-01,-2.259866237640380859e+00,6.360067367553710938e+00
-3.335161507129669189e-01,-1.242664813995361328e+00,6.804780006408691406e+00
-5.154293775558471680e-01,-1.111603260040283203e+00,6.963585376739501953e+00
-1.204646229743957520e+00,-1.091671228408813477e+00,5.483050346374511719e+00
-1.599951863288879395e+00,-2.189790964126586914e+00,4.164078235626220703e+00
-1.204646229743957520e+00,-1.091670751571655273e+00,5.483050823211669922e+00
-7.163804173469543457e-01,-1.582375407218933105e+00,5.337246417999267578e+00
5.326634049415588379e-01,-3.713746070861816406e+00,4.586142539978027344e+00
1.978600502014160156e+00,-4.737374305725097656e+00,2.439509868621826172e+00
1.978600025177001953e+00,-4.737373352050781250e+00,2.439510107040405273e+00
2.174470424652099609e+00,-3.421473741531372070e+00,3.437902450561523438e+00
3.453870773315429688e+00,-7.606240510940551758e-01,1.711482048034667969e+00
2.702552080154418945e+00,-3.231643676757812500e+00,3.186652898788452148e+00
3.760519504547119141e+00,-2.862541973590850830e-01,2.228056907653808594e+00
2.702551841735839844e+00,-3.231643438339233398e+00,3.186654090881347656e+00
2.702551841735839844e+00,-3.231644153594970703e+00,3.186654090881347656e+00
2.702551603317260742e+00,-3.231643915176391602e+00,3.186654090881347656e+00
4.213669776916503906e+00,2.569928407669067383e+00,3.310096979141235352e+00
3.760519504547119141e+00,-2.862541973590850830e-01,2.228057146072387695e+00
3.694988489151000977e+00,-1.996756196022033691e+00,2.720338106155395508e+00
3.482247114181518555e+00,-1.688513755798339844e+00,2.931239366531372070e+00
3.531367063522338867e+00,-1.624639391899108887e+00,2.990958452224731445e+00
2.584713459014892578e+00,-2.989782571792602539e+00,3.928501844406127930e+00
3.227161169052124023e+00,-2.334352731704711914e+00,2.686138153076171875e+00
3.300570487976074219e+00,-1.890354990959167480e+00,2.835498332977294922e+00
2.239545345306396484e+00,-3.203086853027343750e+00,4.574833869934082031e+00
3.345828294754028320e+00,-2.160141229629516602e+00,2.975768089294433594e+00
2.584712982177734375e+00,-2.989783287048339844e+00,3.928501605987548828e+00
2.584712982177734375e+00,-2.989783048629760742e+00,3.928501605987548828e+00
-3.392120301723480225e-01,-3.803070783615112305e+00,5.611783027648925781e+00
-2.194981873035430908e-01,-3.633212327957153320e+00,5.042854785919189453e+00
4.644561111927032471e-01,-3.749003648757934570e+00,4.649318695068359375e+00
1.548634171485900879e-01,-4.016726493835449219e+00,4.816336631774902344e+00
-1.204645752906799316e+00,-1.091670870780944824e+00,5.483049869537353516e+00
3.760519504547119141e+00,-2.862541377544403076e-01,2.228056907653808594e+00
3.453870058059692383e+00,-7.606230974197387695e-01,1.711480855941772461e+00
4.644553959369659424e-01,-3.749003410339355469e+00,4.649318218231201172e+00
4.644553363323211670e-01,-3.749003410339355469e+00,4.649317741394042969e+00
-2.622457742691040039e-01,-3.680819272994995117e+00,5.373946666717529297e+00
3.760519266128540039e+00,-2.862537801265716553e-01,2.228057146072387695e+00
4.213670253753662109e+00,2.569928169250488281e+00,3.310096025466918945e+00
3.760519981384277344e+00,-2.862519025802612305e-01,2.228059768676757812e+00
3.760519981384277344e+00,-2.862538099288940430e-01,2.228057384490966797e+00
2.418375253677368164e+00,-3.304999828338623047e+00,3.176307678222656250e+00
2.389167547225952148e+00,-2.757854223251342773e+00,2.726655244827270508e+00
1.882485985755920410e+00,-3.825421094894409180e+00,1.199703574180603027e+00
1.854337215423583984e+00,-3.759999513626098633e+00,2.606078863143920898e+00
2.133889913558959961e+00,-3.414331912994384766e+00,3.971887350082397461e+00
2.347833395004272461e+00,-3.006186723709106445e+00,4.489993572235107422e+00
1.947991609573364258e+00,-2.967683792114257812e+00,4.675738811492919922e+00
2.347832679748535156e+00,-3.006186246871948242e+00,4.489993572235107422e+00
2.739485263824462891e+00,-2.406831264495849609e+00,-1.132426261901855469e+00
3.753155469894409180e+00,1.689249038696289062e+00,-1.674254834651947021e-01
4.376108646392822266e+00,4.245934784412384033e-01,5.771268606185913086e-01
4.180005550384521484e+00,1.697622090578079224e-01,1.031824111938476562e+00
2.211483240127563477e+00,-1.394583940505981445e+00,-1.236153602600097656e+00
2.866872310638427734e+00,-6.056034192442893982e-02,-6.863467097282409668e-01
3.041853666305541992e+00,-2.298804998397827148e+00,-2.043943881988525391e+00
3.443021774291992188e+00,8.815131187438964844e-01,-7.373519539833068848e-01
3.337892770767211914e+00,2.027687072753906250e+00,-7.817292213439941406e-01
2.225286245346069336e+00,-6.536574959754943848e-01,-2.632028579711914062e+00
2.808896780014038086e+00,6.421277523040771484e-01,-9.448394179344177246e-01
3.659997701644897461e+00,-1.692216843366622925e-01,-6.163101196289062500e-01
2.411689281463623047e+00,-2.789398670196533203e+00,-2.094274044036865234e+00
3.142345905303955078e+00,-1.055765748023986816e+00,-1.228776931762695312e+00
2.221724987030029297e+00,-1.245287656784057617e+00,-3.138315200805664062e+00
3.514186143875122070e+00,3.344974517822265625e+00,-4.085854887962341309e-01
3.873793840408325195e+00,7.128657102584838867e-01,-5.996809601783752441e-01
3.888191461563110352e+00,1.122608482837677002e-01,-4.053160250186920166e-01
2.536108255386352539e+00,1.875966072082519531e+00,-1.631006717681884766e+00
2.696640491485595703e+00,-2.030114650726318359e+00,-2.517921686172485352e+00
3.873793125152587891e+00,7.128674983978271484e-01,-5.996810793876647949e-01
3.897919178009033203e+00,2.623677253723144531e-01,-3.892579078674316406e-01
2.289301395416259766e+00,2.233191967010498047e+00,-1.358484029769897461e+00
3.164806842803955078e+00,1.777489662170410156e+00,-1.698819637298583984e+00
1.304572343826293945e+00,-1.822130084037780762e+00,-3.617080926895141602e+00
4.612329483032226562e+00,1.124244809150695801e+00,3.347805440425872803e-01
1.703561782836914062e+00,-7.323053479194641113e-01,-2.983690261840820312e+00
4.567123889923095703e+00,1.724272131919860840e+00,-1.239159330725669861e-02
2.747107982635498047e+00,-2.392676353454589844e+00,-3.290683329105377197e-01
3.487891674041748047e+00,1.979918837547302246e+00,-6.647032499313354492e-01
6.829130053520202637e-01,-2.416743487119674683e-01,-2.870646476745605469e+00
3.144116878509521484e+00,-1.612068772315979004e+00,-1.105177164077758789e+00
5.097045898437500000e+00,3.944765806198120117e+00,8.115825057029724121e-01
5.136005401611328125e+00,2.865952253341674805e+00,8.705968856811523438e-01
2.211881399154663086e+00,-2.880509853363037109e+00,-2.252698421478271484e+00
2.878812551498413086e+00,-1.254598855972290039e+00,-1.386752009391784668e+00
1.964207887649536133e+00,-3.117320835590362549e-01,-2.672065019607543945e+00
6.725694537162780762e-01,-3.900021612644195557e-01,-2.838253498077392578e+00
4.517309188842773438e+00,8.311212658882141113e-01,2.074870318174362183e-01
2.352836132049560547e+00,1.442751288414001465e+00,-1.832703232765197754e+00
1.874293923377990723e+00,-1.081621646881103516e+00,-3.014284849166870117e+00
2.674344778060913086e+00,-1.739215612411499023e+00,-1.609431624412536621e+00
2.446884870529174805e+00,-1.972008824348449707e+00,-1.385008811950683594e+00
1.602566957473754883e+00,-1.396476030349731445e+00,-2.926946401596069336e+00
2.074951171875000000e+00,-2.630987882614135742e+00,-2.243454694747924805e+00
1.874294638633728027e+00,-1.081622719764709473e+00,-3.014285087585449219e+00
1.874294400215148926e+00,-1.081622481346130371e+00,-3.014285087585449219e+00
5.970078110694885254e-01,-5.840990319848060608e-02,-2.783487796783447266e+00
1.264197587966918945e+00,1.530467391014099121e+00,-1.803536653518676758e+00
3.578832149505615234e+00,2.235489845275878906e+00,-6.605926156044006348e-01
3.514186382293701172e+00,3.344973802566528320e+00,-4.085851013660430908e-01
1.874293923377990723e+00,-1.081622958183288574e+00,-3.014285087585449219e+00
1.703561305999755859e+00,-7.323054671287536621e-01,-2.983690023422241211e+00
1.721432805061340332e+00,-1.457956433296203613e+00,-2.643787384033203125e+00
1.031246066093444824e+00,1.153157472610473633e+00,-1.967198491096496582e+00
3.497096776962280273e+00,1.038714766502380371e+00,-7.477792501449584961e-01
1.703561782836914062e+00,-7.323052883148193359e-01,-2.983689546585083008e+00
1.298568248748779297e+00,-7.969194650650024414e-01,-3.171163082122802734e+00
1.773636817932128906e+00,-1.731861710548400879e+00,-3.120666027069091797e+00
1.298568129539489746e+00,-7.969194054603576660e-01,-3.171162605285644531e+00
1.703562617301940918e+00,-7.323062419891357422e-01,-2.983690738677978516e+00
1.874293923377990723e+00,-1.081622362136840820e+00,-3.014284372329711914e+00
1.440693616867065430e+00,-1.512061476707458496e+00,-3.194902420043945312e+00
3.635511636734008789e+00,-4.584574997425079346e-01,-5.631703734397888184e-01
1.503979325294494629e+00,-8.555859327316284180e-01,-1.621946930885314941e+00
2.967067956924438477e+00,-8.233004808425903320e-01,-7.817633748054504395e-01
3.000873088836669922e+00,5.595415085554122925e-02,-1.774718761444091797e+00
2.080372333526611328e+00,-2.099296092987060547e+00,-2.234425306320190430e+00
2.878812551498413086e+00,-1.254598379135131836e+00,-1.386752486228942871e+00
2.878813982009887695e+00,-1.254599928855895996e+00,-1.386753082275390625e+00
4.814405918121337891e+00,5.177644252777099609e+00,2.031663417816162109e+00
1.855097413063049316e+00,4.893892109394073486e-01,-2.615778446197509766e+00
2.341007709503173828e+00,-2.554024696350097656e+00,-1.335059046745300293e+00
5.053465366363525391e+00,2.670574903488159180e+00,8.564769029617309570e-01
4.714100360870361328e+00,9.059891700744628906e-01,4.028180539608001709e-01
2.621599674224853516e+00,-1.830278038978576660e-01,-2.216850519180297852e+00
2.386334419250488281e+00,-2.609674453735351562e+00,-2.434994697570800781e+00
5.258097648620605469e+00,2.594962835311889648e+00,2.246301651000976562e+00
4.424166202545166016e+00,8.084992766380310059e-01,1.598889827728271484e-01
2.621600866317749023e+00,-1.830295175313949585e-01,-2.216851711273193359e+00
1.503978610038757324e+00,-8.555870056152343750e-01,-1.621946096420288086e+00
2.729051113128662109e+00,-7.006363272666931152e-01,-2.662908434867858887e-01
2.435149192810058594e+00,-1.097289085388183594e+00,-2.145888090133666992e+00
3.006975889205932617e+00,-1.456441402435302734e+00,-1.155880928039550781e+00
2.392570018768310547e+00,-1.142683744430541992e+00,-2.200090646743774414e+00
1.874293923377990723e+00,-1.081622600555419922e+00,-3.014284849166870117e+00
2.045744419097900391e+00,-2.704852104187011719e+00,-1.803342103958129883e+00
2.225668668746948242e+00,-2.533784866333007812e+00,-2.469958066940307617e+00
2.153746128082275391e+00,-2.488258361816406250e+00,-2.707133054733276367e+00
3.241004943847656250e+00,-2.362702846527099609e+00,-1.985143303871154785e+00
2.060332775115966797e+00,-2.846930503845214844e+00,-1.900998592376708984e+00
2.201123714447021484e+00,-2.415222167968750000e+00,-2.745812416076660156e+00
3.997035264968872070e+00,-1.648437142372131348e+00,-3.564456701278686523e-01
1.353904843330383301e+00,-2.756103754043579102e+00,-3.095987796783447266e+00
1.589737772941589355e+00,-2.526912689208984375e+00,-2.402259111404418945e+00
1.541312098503112793e+00,-3.173249006271362305e+00,-2.216872930526733398e+00
1.541312336921691895e+00,-3.173249244689941406e+00,-2.216873168945312500e+00
1.874293565750122070e+00,-1.081621885299682617e+00,-3.014284372329711914e+00
1.874293804168701172e+00,-1.081622004508972168e+00,-3.014284849166870117e+00
4.030212879180908203e+00,-1.135518431663513184e+00,-9.209846854209899902e-01
