-1.803379774093627930e+00,-2.272926568984985352e+00,4.487264633178710938e+00,1.746151745319366455e-01,-1.140564680099487305e+00
-5.255412459373474121e-01,-3.517671585083007812e+00,3.146638870239257812e+00,-2.146704435348510742e+00,-1.334516644477844238e+00
-2.086398124694824219e+00,-4.955685436725616455e-01,4.096090316772460938e+00,7.227455377578735352e-01,1.023254990577697754e+00
5.788664221763610840e-01,-3.444350957870483398e+00,-4.660963535308837891e+00,2.036229848861694336e+00,9.580962181091308594e+00
1.035422325134277344e+00,-2.625878334045410156e+00,3.123958110809326172e+00,-3.861678838729858398e+00,1.902024298906326294e-01
-5.248798802495002747e-02,-3.646699428558349609e+00,-4.224906921386718750e+00,-2.350293844938278198e-02,8.614909172058105469e+00
-2.100887775421142578e+00,-3.730195045471191406e+00,1.184875726699829102e+00,-1.947547316551208496e+00,-2.453214675188064575e-01
1.206125140190124512e+00,-2.654883861541748047e+00,3.317018270492553711e+00,-3.698043346405029297e+00,1.664373427629470825e-01
9.754341244697570801e-01,6.100013256072998047e+00,5.466422080993652344e+00,3.203576564788818359e+00,7.958917140960693359e+00
-1.246690154075622559e+00,-2.797333955764770508e+00,4.217879295349121094e+00,-7.793551087379455566e-01,-9.918918609619140625e-01
-5.149656772613525391e+00,-2.742056846618652344e+00,2.996592998504638672e+00,4.742635190486907959e-01,1.786061167716979980e+00
-3.283680200576782227e+00,-2.767819881439208984e+00,-8.262621760368347168e-01,-3.601010799407958984e+00,-7.509427070617675781e-01
-2.630891799926757812e+00,-3.210058510303497314e-01,2.463635921478271484e+00,5.657341703772544861e-02,-2.866916656494140625e+00
-7.755618572235107422e+00,4.223865509033203125e+00,2.928909778594970703e+00,7.677964687347412109e+00,2.506302595138549805e+00
1.234966158866882324e+00,-2.524494886398315430e+00,3.268207788467407227e+00,-3.661869287490844727e+00,3.045432567596435547e-01
5.203050971031188965e-01,-4.019486904144287109e+00,-2.291455745697021484e+00,8.619638085365295410e-01,6.031219959259033203e+00
-3.349317550659179688e+00,-8.183696269989013672e-01,3.809180974960327148e+00,8.692563176155090332e-01,3.760913014411926270e-01
-5.966710090637207031e+00,1.689303159713745117e+00,3.898886442184448242e+00,3.202271223068237305e+00,3.390512228012084961e+00
4.187759757041931152e-02,-3.346713066101074219e+00,2.268194198608398438e+00,-3.280161142349243164e+00,-1.318608999252319336e+00
5.788663029670715332e-01,-3.444350957870483398e+00,-4.660964012145996094e+00,2.036231517791748047e+00,9.580962181091308594e+00
8.205841779708862305e-01,-2.649376869201660156e+00,3.834209680557250977e+00,-1.916346907615661621e+00,6.025409698486328125e-02
-2.313468933105468750e+00,-4.400644302368164062e+00,3.705553531646728516e+00,-2.156353145837783813e-01,-1.140933156013488770e+00
-7.312108278274536133e-01,-3.294392347335815430e+00,-3.122559785842895508e+00,5.649808645248413086e-01,9.458587646484375000e+00
-5.051304101943969727e-01,-3.613343477249145508e+00,3.609558343887329102e+00,-1.202181220054626465e+00,-1.240426301956176758e+00
-1.055763810873031616e-01,-3.649111747741699219e+00,-3.421352386474609375e+00,-3.058438599109649658e-01,7.820090770721435547e+00
-1.178743124008178711e+00,-4.218533515930175781e+00,3.955469846725463867e+00,-3.456963896751403809e-01,-1.483637690544128418e+00
-2.063010692596435547e+00,-4.555960655212402344e+00,1.096303224563598633e+00,-2.813293039798736572e-01,5.826683044433593750e-01
-4.175672531127929688e+00,-2.395797014236450195e+00,2.064191579818725586e+00,2.314451694488525391e+00,-9.137570112943649292e-02
-4.047917127609252930e-01,-5.461975574493408203e+00,-4.840237140655517578e+00,1.619320154190063477e+00,8.033516883850097656e+00
-9.723281264305114746e-01,-4.009282588958740234e+00,3.331982612609863281e+00,-9.875463247299194336e-01,-5.303405523300170898e-01
-7.567607760429382324e-01,-3.463354587554931641e+00,-5.724514961242675781e+00,-8.992712199687957764e-02,9.853377342224121094e+00
-1.056355953216552734e+00,-3.615043163299560547e+00,-4.611836910247802734e+00,6.855040788650512695e-01,8.901268005371093750e+00
-5.902960896492004395e-01,-4.612307548522949219e+00,-2.324338197708129883e+00,-7.973253726959228516e-01,5.919021129608154297e+00
-3.657542467117309570e-01,-4.027397155761718750e+00,-4.154397487640380859e+00,2.032518945634365082e-02,7.448701858520507812e+00
-2.913430213928222656e+00,8.121815323829650879e-01,-2.028135776519775391e+00,-8.548808693885803223e-01,4.983640611171722412e-01
-1.995270252227783203e+00,-9.970379471778869629e-01,-2.318097054958343506e-01,-3.037899017333984375e+00,1.817533254623413086e+00
9.185636043548583984e-01,-3.787037849426269531e+00,-4.403304100036621094e+00,1.436847448348999023e+00,8.632829666137695312e+00
2.051163911819458008e-01,-4.932292461395263672e+00,5.113278031349182129e-01,-4.433705210685729980e-01,3.336803674697875977e+00
-1.973124504089355469e+00,-3.920186042785644531e+00,5.096460580825805664e-01,-8.050638437271118164e-01,-1.260602355003356934e+00
1.567742675542831421e-01,-5.212880134582519531e+00,-2.908018350601196289e+00,9.740325212478637695e-01,6.334628105163574219e+00
9.185635447502136230e-01,-3.787038087844848633e+00,-4.403304100036621094e+00,1.436847090721130371e+00,8.632828712463378906e+00
6.479361653327941895e-01,6.909609794616699219e+00,5.514539718627929688e+00,3.846564054489135742e+00,8.542736053466796875e+00
3.739216029644012451e-01,-5.291871070861816406e+00,-3.636086940765380859e+00,4.627361297607421875e-01,6.035912036895751953e+00
-2.494736194610595703e+00,-5.375151634216308594e+00,-6.576809406280517578e+00,2.563769742846488953e-02,9.018740653991699219e+00
9.185636639595031738e-01,-3.787038326263427734e+00,-4.403307914733886719e+00,1.436849236488342285e+00,8.632834434509277344e+00
-5.752036571502685547e-01,-4.800269126892089844e+00,-4.089064121246337891e+00,1.324944138526916504e+00,8.051804542541503906e+00
-9.070499539375305176e-01,-4.635322093963623047e+00,-3.413451910018920898e+00,2.523562908172607422e+00,8.922531127929687500e+00
-1.830958008766174316e+00,-4.619252681732177734e+00,-2.356931447982788086e+00,2.350015193223953247e-01,5.783268928527832031e+00
-1.523389220237731934e+00,-4.710206031799316406e+00,-3.582683324813842773e+00,2.315819501876831055e+00,9.497488975524902344e+00
1.189891576766967773e+00,-3.442604064941406250e+00,-2.236730977892875671e-02,-1.533384799957275391e+00,3.685760498046875000e+00
9.364749193191528320e-01,6.750871658325195312e+00,5.551402091979980469e+00,3.634141921997070312e+00,8.588391304016113281e+00
-1.256171703338623047e+00,-4.823616027832031250e+00,-4.924299716949462891e+00,2.441729545593261719e+00,9.437634468078613281e+00
-5.296594500541687012e-01,-4.855093955993652344e+00,-3.044747352600097656e+00,1.917705178260803223e+00,7.913943290710449219e+00
-1.056356310844421387e+00,-3.615043878555297852e+00,-4.611836910247802734e+00,6.855043172836303711e-01,8.901268005371093750e+00
2.141340970993041992e+00,-2.034825801849365234e+00,7.809519171714782715e-01,-1.511689662933349609e+00,5.898557305335998535e-01
-2.754533290863037109e+00,1.446939855813980103e-01,1.940339088439941406e+00,1.856327205896377563e-01,-3.552093029022216797e+00
9.555920362472534180e-01,-3.641010761260986328e+00,-1.631313323974609375e+00,-9.597703069448471069e-02,5.741268634796142578e+00
-2.220887899398803711e+00,-3.095338344573974609e+00,2.223897874355316162e-01,-3.203142404556274414e+00,-8.385912179946899414e-01
-7.938203811645507812e-01,-3.630715847015380859e+00,3.298892021179199219e+00,-1.005236625671386719e+00,-1.124817848205566406e+00
-3.930809020996093750e+00,-3.201231718063354492e+00,-1.976505875587463379e+00,-3.428776025772094727e+00,6.166709586977958679e-02
-5.091909170150756836e-01,-3.266291856765747070e+00,-4.467832088470458984e+00,4.680089950561523438e-01,9.640482902526855469e+00
-2.494734525680541992e+00,-5.375150680541992188e+00,-6.576808452606201172e+00,2.563625760376453400e-02,9.018745422363281250e+00
-8.098030090332031250e-01,-5.108939647674560547e+00,-4.475642681121826172e+00,1.957810282707214355e+00,8.322857856750488281e+00
-1.845965504646301270e+00,-4.429016113281250000e+00,-4.557747364044189453e+00,6.907299160957336426e-01,9.241646766662597656e+00
5.972694754600524902e-01,6.014660358428955078e+00,5.238272666931152344e+00,2.572815656661987305e+00,7.105988502502441406e+00
-8.433284759521484375e-01,-3.311725616455078125e+00,3.532339334487915039e+00,-7.847533226013183594e-01,-2.976624965667724609e-01
1.649994611740112305e+00,-4.097307205200195312e+00,1.816848754882812500e+00,-2.675922214984893799e-01,2.530184030532836914e+00
-2.754533767700195312e+00,1.446947753429412842e-01,1.940338969230651855e+00,1.856320798397064209e-01,-3.552092790603637695e+00
-1.001632690429687500e+00,-5.000520229339599609e+00,-3.859399318695068359e+00,9.860583543777465820e-01,7.597618579864501953e+00
-6.658710241317749023e-01,-3.735121250152587891e+00,3.416527748107910156e+00,-1.026405215263366699e+00,-1.180198550224304199e+00
-7.191532254219055176e-01,-3.561168909072875977e+00,3.320204019546508789e+00,-1.099391102790832520e+00,-1.219792246818542480e+00
-3.317256689071655273e+00,5.016358196735382080e-02,2.055145263671875000e+00,3.711356818675994873e-01,-3.699152708053588867e+00
5.972696542739868164e-01,6.014659881591796875e+00,5.238272666931152344e+00,2.572815418243408203e+00,7.105988025665283203e+00
-1.034418940544128418e+00,-3.771076440811157227e+00,-7.226881504058837891e+00,3.378349542617797852e-01,1.103715324401855469e+01
-1.426121473312377930e+00,-5.728874683380126953e+00,-4.128490924835205078e+00,2.841391228139400482e-02,7.912282943725585938e+00
-2.142320632934570312e+00,-3.501877784729003906e+00,1.286942481994628906e+00,-1.840658664703369141e+00,-4.341461658477783203e-01
-3.092453002929687500e+00,-4.173931777477264404e-01,2.122962713241577148e+00,2.121049165725708008e-01,-3.582365512847900391e+00
-1.845965743064880371e+00,-4.429016590118408203e+00,-4.557746887207031250e+00,6.907289028167724609e-01,9.241648674011230469e+00
-5.021210312843322754e-01,-5.574018001556396484e+00,-2.772555351257324219e+00,5.788109898567199707e-01,6.548567295074462891e+00
5.972698926925659180e-01,6.014659404754638672e+00,5.238273143768310547e+00,2.572815656661987305e+00,7.105987548828125000e+00
-5.194432735443115234e-01,-3.707313060760498047e+00,3.587061405181884766e+00,-1.015768408775329590e+00,-1.155906915664672852e+00
-1.706400036811828613e+00,-4.354926586151123047e+00,1.838809609413146973e+00,-1.547504305839538574e+00,-4.748363494873046875e-01
-1.545723676681518555e+00,-3.672852754592895508e+00,1.691367626190185547e+00,-2.802116632461547852e+00,-1.099275588989257812e+00
-1.305914163589477539e+00,-4.120865821838378906e+00,3.041851043701171875e+00,-1.324873089790344238e+00,-1.487172842025756836e+00
5.972694754600524902e-01,6.014659881591796875e+00,5.238273143768310547e+00,2.572815895080566406e+00,7.105988025665283203e+00
-1.029358148574829102e+00,-3.368392705917358398e+00,1.896947860717773438e+00,-2.817566394805908203e+00,-2.232109785079956055e+00
1.090056419372558594e+00,5.923691272735595703e+00,5.554423809051513672e+00,3.174587965011596680e+00,7.897984504699707031e+00
3.705849945545196533e-01,-2.716808795928955078e+00,-3.634574711322784424e-01,-2.199573278427124023e+00,-8.905254006385803223e-01
5.972692370414733887e-01,6.014659404754638672e+00,5.238272190093994141e+00,2.572815656661987305e+00,7.105988502502441406e+00
5.972692966461181641e-01,6.014659881591796875e+00,5.238272666931152344e+00,2.572815895080566406e+00,7.105988502502441406e+00
-6.768937110900878906e+00,-1.952977627515792847e-01,5.564752817153930664e-01,3.878344058990478516e+00,1.855087399482727051e+00
-1.471608042716979980e+00,-4.641099452972412109e+00,2.622291564941406250e+00,-1.265642046928405762e+00,-1.136478424072265625e+00
-7.567421793937683105e-01,-3.513757705688476562e+00,1.955132931470870972e-01,-2.768250226974487305e+00,-1.584872484207153320e+00
-1.394579172134399414e+00,-4.114314556121826172e+00,2.996386766433715820e+00,-1.287909150123596191e+00,-1.430339574813842773e+00
5.972697138786315918e-01,6.014658927917480469e+00,5.238273143768310547e+00,2.572815656661987305e+00,7.105987548828125000e+00
-4.491339206695556641e+00,2.106402069330215454e-01,3.511049270629882812e+00,3.390638351440429688e+00,2.291858911514282227e+00
6.146845817565917969e-01,6.367249011993408203e+00,5.409029006958007812e+00,3.525279760360717773e+00,7.991652965545654297e+00
-4.360252320766448975e-01,-3.598608970642089844e+00,3.141915559768676758e+00,-1.873225092887878418e+00,-1.179578542709350586e+00
-1.612535953521728516e+00,-4.453639984130859375e+00,3.295437812805175781e+00,-8.792737126350402832e-01,-1.181763648986816406e+00
6.146840453147888184e-01,6.367249011993408203e+00,5.409028530120849609e+00,3.525279045104980469e+00,7.991653442382812500e+00
-2.973761320114135742e+00,5.766424179077148438e+00,-1.388424515724182129e+00,-5.218808174133300781e+00,1.409365892410278320e+00
1.617703914642333984e+00,-1.830852627754211426e-01,2.485633373260498047e+00,-2.438679456710815430e+00,-9.520838409662246704e-02
9.502081871032714844e-01,-4.837280139327049255e-02,-5.766697406768798828e+00,-3.676961898803710938e+00,5.887805461883544922e+00
2.368278503417968750e+00,3.257997751235961914e+00,7.730930447578430176e-01,-3.094825983047485352e+00,6.647371053695678711e-01
2.430138826370239258e+00,5.381350040435791016e+00,-4.926570057868957520e-01,-7.688639760017395020e-01,1.259649395942687988e+00
-1.649170160293579102e+00,1.117401480674743652e+00,-3.360871791839599609e+00,-5.374243736267089844e+00,2.620577573776245117e+00
2.460764646530151367e+00,2.831759452819824219e+00,2.720807075500488281e+00,-2.235231399536132812e+00,1.149260520935058594e+00
2.611099481582641602e+00,-2.920484244823455811e-01,2.839485406875610352e+00,-3.277683734893798828e+00,8.478500247001647949e-01
-4.497052431106567383e-01,5.410945892333984375e+00,-9.032917022705078125e-01,-5.551505565643310547e+00,1.894606828689575195e+00
1.409169077873229980e+00,6.429887294769287109e+00,-2.926683187484741211e+00,-2.841309785842895508e+00,7.558889985084533691e-01
2.733031988143920898e+00,7.458108067512512207e-01,-7.315037250518798828e+00,-2.499391555786132812e+00,3.394398450851440430e+00
1.665321707725524902e+00,6.071906089782714844e+00,-4.763309478759765625e+00,6.880066990852355957e-01,-1.269251346588134766e+00
-2.812556505203247070e+00,3.274696826934814453e+00,-2.126417160034179688e+00,-5.989179611206054688e+00,1.885462164878845215e+00
3.155270338058471680e+00,7.396786212921142578e+00,-2.602391719818115234e+00,-1.678970456123352051e+00,2.671310424804687500e+00
-4.179462492465972900e-01,6.408231735229492188e+00,1.333453178405761719e+00,2.450573444366455078e+00,1.761964112520217896e-01
-3.677307844161987305e+00,2.423144102096557617e+00,-6.703363418579101562e+00,-1.307265281677246094e+00,-1.415608450770378113e-02
-1.254598617553710938e+00,-3.737747967243194580e-01,-4.629315376281738281e+00,-3.958257198333740234e+00,1.922204375267028809e+00
2.209591865539550781e-01,5.441824436187744141e+00,-2.615840911865234375e+00,-3.149725914001464844e+00,-3.085204362869262695e-01
1.006590604782104492e+00,-5.200338959693908691e-01,-4.153567790985107422e+00,-3.530011653900146484e+00,4.911538124084472656e+00
1.932484984397888184e+00,3.989912509918212891e+00,6.250072717666625977e-01,-2.930592775344848633e+00,9.980034232139587402e-01
-4.497060179710388184e-01,5.410943984985351562e+00,-9.032891988754272461e-01,-5.551504611968994141e+00,1.894607663154602051e+00
5.038437366485595703e+00,-1.249883770942687988e+00,-1.223924979567527771e-01,-2.336125634610652924e-02,1.031467437744140625e+00
-7.063342332839965820e-01,3.846515893936157227e+00,-1.379277348518371582e+00,-4.860595226287841797e+00,9.469880908727645874e-02
1.216785788536071777e+00,6.321721553802490234e+00,-7.197796702384948730e-01,-4.317327499389648438e+00,1.302197694778442383e+00
7.801475524902343750e-01,5.157249927520751953e+00,8.288018703460693359e-01,-3.892954587936401367e+00,-2.187778711318969727e+00
2.343066215515136719e+00,3.557824134826660156e+00,-3.135735034942626953e+00,-1.899373680353164673e-01,-4.774355292320251465e-01
-1.387157320976257324e+00,2.530405282974243164e+00,2.713805735111236572e-01,-2.812952995300292969e+00,-7.552446126937866211e-01
-1.823929399251937866e-01,1.810944080352783203e+00,9.862484931945800781e-01,-4.099609851837158203e+00,2.479253053665161133e+00
2.065488576889038086e+00,4.133471012115478516e+00,1.965951174497604370e-01,-2.200646400451660156e+00,1.378833174705505371e+00
-4.848277091979980469e+00,4.175678730010986328e+00,-6.167879581451416016e+00,-3.744008541107177734e+00,7.291612029075622559e-01
8.587445020675659180e-01,-2.222570896148681641e+00,2.995044469833374023e+00,-3.878699064254760742e+00,-7.929692268371582031e-01
6.815239191055297852e-01,1.708707928657531738e+00,-2.950396776199340820e+00,-2.861139535903930664e+00,4.175390720367431641e+00
2.527071952819824219e+00,4.980346202850341797e+00,-6.596119999885559082e-01,-4.914596080780029297e-01,8.336505889892578125e-01
1.144089221954345703e+00,5.556556224822998047e+00,-3.327804565429687500e+00,-2.360707759857177734e+00,-6.316491365432739258e-01
5.882883071899414062e-01,3.315251588821411133e+00,-2.721223831176757812e-01,-3.548002719879150391e+00,-1.555334448814392090e+00
2.739773750305175781e+00,4.396006584167480469e+00,5.828956365585327148e-01,-1.069120764732360840e+00,8.488821387290954590e-01
4.566095352172851562e+00,1.653549671173095703e+00,1.137386322021484375e+00,-8.511483073234558105e-01,3.179300546646118164e+00
8.285603523254394531e-01,-4.484438002109527588e-01,-4.761878967285156250e+00,-2.184490442276000977e+00,5.158341884613037109e+00
2.852077484130859375e+00,1.130875706672668457e+00,-4.664148807525634766e+00,-3.448634386062622070e+00,4.079114913940429688e+00
-1.944789648056030273e+00,2.555071353912353516e+00,-2.591651678085327148e+00,-2.026001453399658203e+00,6.019824147224426270e-01
1.622558236122131348e+00,-1.386281490325927734e+00,-2.139070510864257812e+00,-2.472626209259033203e+00,-5.266547948122024536e-02
3.243664503097534180e+00,-1.569640189409255981e-01,2.907427310943603516e+00,-3.075069189071655273e+00,1.246151208877563477e+00
2.967369794845581055e+00,-2.992854416370391846e-01,2.884102821350097656e+00,-3.136391639709472656e+00,8.865063786506652832e-01
3.704635620117187500e+00,7.688081264495849609e-01,9.552483558654785156e-01,-1.985996723175048828e+00,3.258021831512451172e+00
3.565256357192993164e+00,8.747575283050537109e-01,2.555096626281738281e+00,-1.141458392143249512e+00,2.096078872680664062e+00
3.212574720382690430e+00,1.313692808151245117e+00,1.195989489555358887e+00,-1.040208220481872559e+00,-4.737435877323150635e-01
2.994777679443359375e+00,8.463449478149414062e-01,-4.204871177673339844e+00,-1.466481208801269531e+00,7.086417198181152344e+00
5.382929801940917969e+00,-4.040925204753875732e-01,-2.110517501831054688e+00,-8.717590570449829102e-02,2.580610752105712891e+00
1.285998940467834473e+00,2.056357860565185547e+00,-2.988612651824951172e-01,-2.849109172821044922e+00,4.767283916473388672e+00
5.101720094680786133e-01,2.063309699296951294e-01,-7.674328088760375977e-01,-2.417368412017822266e+00,-2.294274806976318359e+00
1.827013015747070312e+00,2.858414173126220703e+00,-4.915125966072082520e-01,-1.957211256027221680e+00,-4.578467607498168945e-01
6.350718736648559570e-01,2.718934774398803711e+00,-1.159464716911315918e+00,-4.067945480346679688e+00,2.993158817291259766e+00
1.819370627403259277e+00,-2.075833797454833984e+00,2.721157312393188477e+00,-2.646701335906982422e+00,-9.279137253761291504e-01
4.973628818988800049e-01,5.275477886199951172e+00,-1.756699800491333008e+00,-3.253671884536743164e+00,-1.457356959581375122e-01
2.330091714859008789e+00,-7.596176862716674805e-02,-5.072840213775634766e+00,-2.922141551971435547e+00,5.511983871459960938e+00
2.841643333435058594e+00,-4.636485502123832703e-02,-2.079470634460449219e+00,-2.577185630798339844e+00,3.132413864135742188e+00
5.466357469558715820e-01,1.944026589393615723e+00,-2.695226073265075684e-01,-2.748321533203125000e+00,-1.024506330490112305e+00
1.037099838256835938e+00,6.142376422882080078e+00,-1.658826828002929688e+00,-2.380792856216430664e+00,-6.909116506576538086e-01
1.654833912849426270e+00,-1.972864151000976562e+00,1.964441657066345215e+00,-2.466752290725708008e+00,-1.098541259765625000e+00
3.167899131774902344e+00,-1.981619119644165039e+00,2.099014967679977417e-01,-1.265310406684875488e+00,-1.757709980010986328e-01
-4.964358508586883545e-01,4.976832389831542969e+00,-6.259778499603271484e+00,-2.885373830795288086e+00,1.091353178024291992e+00
-1.327145934104919434e+00,1.087381720542907715e+00,-3.727006912231445312e+00,-5.029493331909179688e+00,4.782790184020996094e+00
2.646840095520019531e+00,7.667517662048339844e-01,-3.229004144668579102e+00,-3.512248754501342773e+00,2.614176750183105469e+00
5.521427989006042480e-01,5.992335319519042969e+00,-2.056172132492065430e+00,-3.249639272689819336e+00,4.137709140777587891e+00
-2.758026838302612305e+00,3.006033658981323242e+00,-3.635350227355957031e+00,-3.333910942077636719e+00,-1.415679454803466797e+00
-1.364060193300247192e-01,-7.053132057189941406e-01,-3.810274124145507812e+00,-2.846841812133789062e+00,8.445101976394653320e-01
1.083117008209228516e+00,4.502806663513183594e+00,-9.070981740951538086e-01,-2.443214416503906250e+00,9.869565963745117188e-01
1.887485265731811523e+00,3.817219018936157227e+00,-3.339777946472167969e+00,-1.809910178184509277e+00,6.163276195526123047e+00
-7.986688613891601562e-01,2.166408300399780273e-01,-1.258679270744323730e+00,-5.346823215484619141e+00,2.514170646667480469e+00
1.289620399475097656e-01,4.808393001556396484e+00,-3.951270818710327148e+00,-3.217313528060913086e+00,3.781025886535644531e+00
2.125696420669555664e+00,1.925224542617797852e+00,-4.136126041412353516e+00,-3.455165386199951172e+00,4.481456756591796875e+00
-7.639443278312683105e-01,6.086926460266113281e+00,-2.278799533843994141e+00,-3.947794437408447266e+00,1.076519966125488281e+00
1.904226183891296387e+00,6.259785294532775879e-01,-5.813571929931640625e+00,-2.590708971023559570e+00,6.639201641082763672e+00
4.489162445068359375e+00,-2.896562814712524414e-01,-2.228295326232910156e+00,-1.141843080520629883e+00,1.851339817047119141e+00
2.444969892501831055e+00,2.012530118227005005e-01,-2.021720886230468750e+00,-3.096210002899169922e+00,3.123993635177612305e+00
2.400371313095092773e+00,1.001523733139038086e+00,1.822026491165161133e+00,-1.841944336891174316e+00,-5.030918717384338379e-01
2.572403669357299805e+00,3.887127399444580078e+00,-1.574349045753479004e+00,-7.250252962112426758e-01,5.339947700500488281e+00
2.973963618278503418e-01,7.191424369812011719e+00,1.183653235435485840e+00,-3.359178781509399414e+00,8.401278853416442871e-01
2.023592710494995117e+00,-2.890795469284057617e-01,-1.765524506568908691e+00,-2.437498331069946289e+00,2.850913047790527344e+00
2.696253538131713867e+00,3.101418018341064453e+00,2.869868278503417969e-01,-1.022248148918151855e+00,-3.618928194046020508e-01
1.206102132797241211e+00,-5.124348402023315430e-01,2.488825798034667969e+00,-3.359292507171630859e+00,-1.318910837173461914e+00
2.067919492721557617e+00,-8.019848726689815521e-03,-1.171157717704772949e+00,-2.457898616790771484e+00,3.001230716705322266e+00
2.632765531539916992e+00,-1.083482384681701660e+00,3.647544085979461670e-01,-2.018742799758911133e+00,-1.601551175117492676e+00
-3.112148642539978027e-01,5.140640735626220703e+00,-1.391492724418640137e+00,-3.495366334915161133e+00,9.485380649566650391e-01
-9.553703665733337402e-01,3.549878835678100586e+00,-1.362277030944824219e+00,-5.909091472625732422e+00,1.457164049148559570e+00
-9.159466028213500977e-01,7.172295570373535156e+00,2.450864315032958984e+00,-2.907858133316040039e+00,-1.726959198713302612e-01
2.377974987030029297e+00,6.422034263610839844e+00,-2.228042364120483398e+00,-6.945598125457763672e-01,3.558335304260253906e+00
9.224780201911926270e-01,6.586370468139648438e+00,-2.394506692886352539e+00,-2.884836196899414062e+00,5.645322799682617188e-01
-3.730225086212158203e+00,-8.349272608757019043e-01,-6.333512783050537109e+00,-3.781331300735473633e+00,2.072225809097290039e+00
1.934808194637298584e-01,8.164105415344238281e-01,-6.920209884643554688e+00,-2.848081827163696289e+00,7.750831604003906250e+00
6.375585794448852539e-01,-1.808667182922363281e+00,2.531660556793212891e+00,-4.134577274322509766e+00,-8.150085210800170898e-01
-3.883973956108093262e-01,-3.024958074092864990e-01,-5.212970376014709473e-01,-4.684016227722167969e+00,2.441146612167358398e+00
1.584976077079772949e+00,-1.838941931724548340e+00,1.728112220764160156e+00,-2.803564310073852539e+00,-1.489179849624633789e+00
-2.778872251510620117e-01,5.082704544067382812e+00,-6.305127620697021484e+00,-6.632007956504821777e-01,1.166654706001281738e+00
2.139143705368041992e+00,8.705709576606750488e-01,4.348107278347015381e-01,-2.128154993057250977e+00,-1.402940273284912109e+00
-2.778879702091217041e-01,5.082704544067382812e+00,-6.305127620697021484e+00,-6.632007956504821777e-01,1.166654706001281738e+00
-6.938210129737854004e-01,7.268522977828979492e-01,-1.444062709808349609e+00,-4.955558776855468750e+00,9.645793437957763672e-01
1.697382926940917969e+00,3.494606614112854004e-01,-3.003488063812255859e+00,-3.708249092102050781e+00,3.483700037002563477e+00
6.764290332794189453e-01,5.940954685211181641e+00,-4.809308052062988281e+00,-1.515650302171707153e-01,-1.097170948982238770e+00
1.640049576759338379e+00,1.254192233085632324e+00,2.062568426132202148e+00,-3.764315605163574219e+00,-1.724813222885131836e+00
-9.638966321945190430e-01,1.921467930078506470e-01,3.342717885971069336e-02,2.055788040161132812e+00,-3.490706205368041992e+00
-7.471750723198056221e-05,-3.125910758972167969e+00,2.583279848098754883e+00,-2.079939842224121094e+00,-3.144661426544189453e+00
7.004840970039367676e-01,-1.780429720878601074e+00,8.829558491706848145e-01,6.979860067367553711e-01,-2.165794610977172852e+00
-1.415973067283630371e+00,-3.772979974746704102e+00,9.672256112098693848e-01,-2.380498349666595459e-01,-1.327028036117553711e+00
-1.852615237236022949e+00,-2.996518373489379883e+00,1.786259412765502930e+00,1.848541617393493652e+00,-2.191654443740844727e+00
-1.204173922538757324e+00,-3.367907181382179260e-02,3.550997972488403320e-01,2.467035055160522461e+00,-3.265875339508056641e+00
2.253113687038421631e-01,-3.411319255828857422e+00,1.990195512771606445e+00,-1.004346370697021484e+00,-2.903309822082519531e+00
2.292278766632080078e+00,-2.983552694320678711e+00,7.675952315330505371e-01,1.169047236442565918e+00,-1.419452667236328125e+00
-1.342987656593322754e+00,-6.967841982841491699e-01,-5.465793609619140625e-01,3.013842821121215820e+00,-3.113189458847045898e+00
-1.053070664405822754e+00,6.447735428810119629e-01,-5.320859327912330627e-02,2.462637662887573242e+00,-3.362512588500976562e+00
-8.577007651329040527e-01,2.281970739364624023e+00,-2.425568819046020508e+00,3.538821458816528320e+00,-3.493881225585937500e+00
-4.632554054260253906e-01,4.505066275596618652e-01,-4.915209412574768066e-01,2.128847122192382812e+00,-3.360911607742309570e+00
-4.639004766941070557e-01,4.961937069892883301e-01,-8.310817182064056396e-02,3.225852012634277344e+00,-2.993344545364379883e+00
-4.280332922935485840e-01,-2.613660573959350586e+00,1.192281484603881836e+00,2.166347503662109375e+00,-1.999600648880004883e+00
-3.260539472103118896e-01,-2.431401968002319336e+00,4.223166406154632568e-01,8.898632526397705078e-01,-2.883695363998413086e+00
-3.753744959831237793e-01,-2.577565014362335205e-01,2.614172697067260742e-01,1.791117787361145020e+00,-3.032824039459228516e+00
-6.408071517944335938e-01,-3.806597471237182617e+00,2.820284128189086914e+00,-7.486780881881713867e-01,-1.403440713882446289e+00
-2.961133003234863281e+00,4.648960590362548828e+00,-4.344835281372070312e+00,5.615891933441162109e+00,-5.149626731872558594e+00
1.802249401807785034e-01,-3.297255277633666992e+00,1.524933576583862305e+00,-8.298468589782714844e-02,-2.501060247421264648e+00
-6.106584072113037109e+00,2.161231040954589844e+00,-5.584380626678466797e+00,-2.537188231945037842e-01,-5.241320133209228516e-01
-1.293726444244384766e+00,-3.090973198413848877e-01,-5.384785532951354980e-01,2.152643442153930664e+00,-3.660158634185791016e+00
-1.102196574211120605e+00,-2.158705711364746094e+00,-8.283922076225280762e-01,2.008518695831298828e+00,-2.375952243804931641e+00
-8.277501463890075684e-01,5.200300216674804688e-01,-7.632797956466674805e-02,2.479695320129394531e+00,-3.376608133316040039e+00
-1.166443586349487305e+00,2.423957347869873047e+00,-1.548968672752380371e+00,3.473986387252807617e+00,-3.820061683654785156e+00
-7.464841008186340332e-01,-8.198411464691162109e-01,-6.013062596321105957e-01,2.496890783309936523e+00,-3.078301668167114258e+00
-1.267438173294067383e+00,1.862774491310119629e+00,-1.261976599693298340e+00,5.075115680694580078e+00,-2.350600004196166992e+00
-2.593376040458679199e-01,1.182761907577514648e+00,-4.108003675937652588e-01,3.360072612762451172e+00,-3.171562433242797852e+00
-1.278706669807434082e+00,3.721546411514282227e+00,-2.489423990249633789e+00,5.484463691711425781e+00,-2.769827127456665039e+00
-1.072260975837707520e+00,4.451735973358154297e+00,-4.389741420745849609e+00,5.350626945495605469e+00,-3.609919786453247070e+00
-1.225178480148315430e+00,3.849192380905151367e+00,-5.322268009185791016e+00,5.167388439178466797e+00,-4.586850643157958984e+00
-9.634950160980224609e-01,4.496510505676269531e+00,-4.197222709655761719e+00,6.232517242431640625e+00,-2.931032180786132812e+00
2.614537239074707031e+00,-1.760871648788452148e+00,1.389424324035644531e+00,1.149201840162277222e-01,-4.959655702114105225e-01
-4.095246791839599609e-01,-4.466906547546386719e+00,2.050639867782592773e+00,-3.229066729545593262e-01,-2.296118259429931641e+00
-1.469703793525695801e+00,4.910294055938720703e+00,-3.766166687011718750e+00,6.661623477935791016e+00,-3.006668806076049805e+00
-1.179576039314270020e+00,1.739201545715332031e+00,-1.054911971092224121e+00,4.475679874420166016e+00,-2.485409259796142578e+00
-6.626518964767456055e-01,3.697992324829101562e+00,-2.593166351318359375e+00,5.542034626007080078e+00,-2.088571310043334961e+00
-3.170712590217590332e-01,5.241851329803466797e+00,-3.298051357269287109e+00,7.135042667388916016e+00,-1.948910236358642578e+00
1.784915447235107422e+00,-3.140386104583740234e+00,5.215641260147094727e-01,-9.701536595821380615e-02,-1.952476620674133301e+00
-7.328261733055114746e-01,1.553446769714355469e+00,-1.971867918968200684e+00,4.770438671112060547e+00,-2.455765962600708008e+00
-3.434324860572814941e-01,1.906525969505310059e+00,-1.852760910987854004e+00,4.100512504577636719e+00,-3.054322004318237305e+00
1.942372798919677734e+00,-1.566920757293701172e+00,6.175764203071594238e-01,4.211760461330413818e-01,-2.771955013275146484e+00
-8.852003812789916992e-01,1.454559206962585449e+00,-1.340961098670959473e+00,4.234313011169433594e+00,-2.172859668731689453e+00
-8.229464888572692871e-01,1.866668581962585449e+00,-9.617710113525390625e-01,4.131105899810791016e+00,-1.949663400650024414e+00
-9.691243767738342285e-01,2.339938640594482422e+00,-1.716670274734497070e+00,4.325596809387207031e+00,-2.338056802749633789e+00
-8.229119181632995605e-01,1.682314515113830566e+00,-1.281038403511047363e+00,3.965034723281860352e+00,-2.303067922592163086e+00
4.312768578529357910e-01,-3.676033258438110352e+00,1.814623475074768066e+00,-2.303640097379684448e-01,-2.327988862991333008e+00
-6.067928671836853027e-01,-3.022501945495605469e+00,1.605894446372985840e+00,2.340296097099781036e-02,-2.731486558914184570e+00
2.563006639480590820e+00,-3.002895832061767578e+00,1.982781767845153809e+00,-7.216702699661254883e-01,-9.722005128860473633e-01
-7.238254696130752563e-02,-3.493164062500000000e+00,2.373403310775756836e+00,-8.030787706375122070e-01,-2.894683837890625000e+00
1.681405186653137207e+00,1.848852276802062988e+00,-1.863694190979003906e+00,4.377611637115478516e+00,-1.441090226173400879e+00
1.002711772918701172e+00,-2.064311981201171875e+00,-7.689223885536193848e-01,4.346980571746826172e+00,-1.291699886322021484e+00
6.851938366889953613e-01,-3.207957506179809570e+00,1.165690660476684570e+00,-3.516843080520629883e+00,1.547752857208251953e+00
2.734989821910858154e-01,-3.284454345703125000e+00,2.297625541687011719e+00,-9.353951811790466309e-01,-2.917732715606689453e+00
2.818816900253295898e+00,-2.648250102996826172e+00,5.371228456497192383e-01,2.423982322216033936e-01,-1.409662604331970215e+00
1.659294128417968750e+00,-3.649067163467407227e+00,1.786535263061523438e+00,-6.563567519187927246e-01,-1.506955265998840332e+00
1.215105280280113220e-01,-5.340195298194885254e-01,-2.196481466293334961e+00,6.245908260345458984e+00,-1.260620355606079102e+00
2.305063009262084961e+00,-2.920963764190673828e+00,1.089774489402770996e+00,-1.969770044088363647e-01,-1.449260234832763672e+00
2.686609983444213867e+00,-2.749186754226684570e+00,1.194534659385681152e+00,-1.113798990845680237e-01,-1.080561041831970215e+00
-1.233717054128646851e-01,-2.139706373214721680e+00,1.084299087524414062e+00,5.380286574363708496e-01,-2.939925670623779297e+00
2.828300952911376953e+00,-2.590788602828979492e+00,5.312451124191284180e-01,7.149583697319030762e-01,-2.108570337295532227e+00
2.462878227233886719e+00,-3.044970750808715820e+00,2.000599384307861328e+00,-7.298015356063842773e-01,-1.319588541984558105e+00
-1.446007966995239258e+00,-3.562720537185668945e+00,-4.050879478454589844e-01,1.760869622230529785e+00,-1.360152125358581543e+00
1.200719952583312988e+00,-2.616748332977294922e+00,-3.028869926929473877e-01,2.291955471038818359e+00,-1.664871335029602051e+00
2.006412982940673828e+00,-3.174678564071655273e+00,8.491650819778442383e-01,8.401170969009399414e-01,-1.712903499603271484e+00
-1.319571971893310547e+00,-3.402747154235839844e+00,-5.366005897521972656e-01,-8.116232752799987793e-01,-1.673321843147277832e+00
-4.185002446174621582e-01,1.049774885177612305e+00,-6.573701858520507812e+00,1.189043045043945312e+01,3.936250507831573486e-01
7.248288393020629883e-02,-3.880957365036010742e-01,-3.862539291381835938e+00,1.007327747344970703e+01,-2.014785706996917725e-01
1.938972711563110352e+00,-2.607023000717163086e+00,1.239867568016052246e+00,-5.929760932922363281e-01,-2.280639648437500000e+00
8.524683713912963867e-01,-7.853842973709106445e-01,7.527376413345336914e-01,6.263518929481506348e-01,-2.503136873245239258e+00
2.218525409698486328e+00,-9.366090297698974609e-01,-6.123090744018554688e+00,5.003508567810058594e+00,-2.263669729232788086e+00
-6.165629029273986816e-01,-3.502571821212768555e+00,7.472836971282958984e-01,2.263408899307250977e+00,-1.619147300720214844e+00
1.154070734977722168e+00,-1.881083011627197266e+00,1.043573856353759766e+00,-1.143349930644035339e-01,-2.249119281768798828e+00
-3.390766680240631104e-01,-3.549063682556152344e+00,1.601594328880310059e+00,5.518273115158081055e-01,-2.257557392120361328e+00
1.385323166847229004e+00,-2.659274101257324219e+00,3.501072406768798828e+00,-3.078542232513427734e+00,-9.695513844490051270e-01
4.768038690090179443e-01,-2.877407073974609375e+00,8.606187105178833008e-01,1.765286445617675781e+00,-1.804161906242370605e+00
1.517005205154418945e+00,-2.750941753387451172e+00,3.482655286788940430e+00,-2.963145732879638672e+00,-8.275237679481506348e-01
3.284349441528320312e-01,-3.003641366958618164e+00,1.013887882232666016e+00,1.608689904212951660e+00,-1.737669825553894043e+00
2.573667287826538086e+00,-2.903479576110839844e+00,1.803420543670654297e+00,-6.164333224296569824e-01,-9.927076697349548340e-01
2.332886219024658203e+00,-3.048795223236083984e+00,2.176475286483764648e+00,-9.837016463279724121e-01,-1.547572493553161621e+00
8.662309646606445312e-01,-3.184260845184326172e+00,5.624410510063171387e-01,1.787411093711853027e+00,-1.515211582183837891e+00
-1.085446700453758240e-01,-3.482814311981201172e+00,1.124811649322509766e+00,5.607492327690124512e-01,-2.335482358932495117e+00
9.593508243560791016e-01,-2.130743503570556641e+00,1.111963272094726562e+00,7.836138010025024414e-01,-1.687801003456115723e+00
1.177220642566680908e-01,-3.567224979400634766e+00,1.165104866027832031e+00,7.383030056953430176e-01,-2.176552295684814453e+00
-5.169097334146499634e-03,-3.346613645553588867e+00,9.993003606796264648e-01,6.442343592643737793e-01,-2.379031419754028320e+00
2.657647371292114258e+00,-3.374955654144287109e-01,-6.223055124282836914e-01,2.536057233810424805e+00,-5.643661618232727051e-01
3.388914838433265686e-02,-3.674083709716796875e+00,1.428052306175231934e+00,6.129422187805175781e-01,-2.008084297180175781e+00
-1.517910838127136230e+00,1.763408780097961426e+00,-8.936852812767028809e-01,3.308198690414428711e+00,-4.079908847808837891e+00
1.104209780693054199e+00,-1.441307663917541504e+00,8.535629510879516602e-01,8.154246807098388672e-01,-1.216480016708374023e+00
-8.259969353675842285e-01,1.438048601150512695e+00,-1.617721676826477051e+00,4.438950061798095703e+00,-3.349478721618652344e+00
3.221083164215087891e+00,-2.488077163696289062e+00,1.004310250282287598e+00,7.305008769035339355e-01,-5.548732280731201172e-01
2.109820604324340820e+00,-1.167769208550453186e-01,-2.137578487396240234e+00,3.041824340820312500e+00,-1.190753698348999023e+00
1.714254915714263916e-01,-4.276369094848632812e+00,2.139567852020263672e+00,-5.639743804931640625e-01,-1.936753749847412109e+00
-1.322306394577026367e+00,1.679706335067749023e+00,-2.439361810684204102e+00,3.956684112548828125e+00,-3.854064702987670898e+00
4.972831010818481445e-01,-1.194142937660217285e+00,-2.183127403259277344e+00,8.024923324584960938e+00,-3.134971261024475098e-01
1.241531491279602051e+00,-2.533773899078369141e+00,2.332499504089355469e+00,3.765385448932647705e-01,-1.412505984306335449e+00
-8.695656657218933105e-01,-2.032198905944824219e+00,-6.368750929832458496e-01,-3.709099022671580315e-03,-2.830337762832641602e+00
1.138945341110229492e+00,-1.819348335266113281e+00,2.193849563598632812e+00,3.105555474758148193e-01,1.720631271600723267e-01
-3.548320233821868896e-01,-4.091823577880859375e+00,2.138934612274169922e+00,-5.129082798957824707e-01,-2.083613157272338867e+00
4.791316986083984375e-01,1.165653944015502930e+00,-1.191642165184020996e+00,2.103512287139892578e+00,-1.939157009124755859e+00
-9.096141904592514038e-02,-8.248713612556457520e-01,-5.876350402832031250e-01,5.259842872619628906e+00,-1.581981062889099121e+00
2.554498910903930664e+00,2.820008993148803711e+00,1.272619247436523438e+00,-3.128515481948852539e+00,2.535087347030639648e+00
-3.473435401916503906e+00,8.311218023300170898e-02,-8.121753692626953125e+00,-2.705920457839965820e+00,3.227961778640747070e+00
1.892177939414978027e+00,3.788700819015502930e+00,-3.535440564155578613e-01,-3.201948165893554688e+00,1.809215307235717773e+00
1.213245868682861328e+00,3.485179185867309570e+00,-1.575115919113159180e+00,-1.378344297409057617e+00,3.294378995895385742e+00
1.066830102354288101e-02,2.411797523498535156e+00,-3.818114042282104492e+00,-1.554604768753051758e+00,5.007763385772705078e+00
7.306514978408813477e-01,6.681496620178222656e+00,-3.809326648712158203e+00,-2.220221281051635742e+00,2.067313432693481445e+00
1.036054849624633789e+00,3.991589784622192383e+00,4.017834365367889404e-01,-3.064532756805419922e+00,6.495473980903625488e-01
1.995127201080322266e+00,3.156798362731933594e+00,-1.178901791572570801e+00,-3.378505229949951172e+00,3.097668588161468506e-01
4.674292087554931641e+00,4.724510669708251953e+00,-8.291000872850418091e-02,-1.261262297630310059e+00,2.917441606521606445e+00
5.849312543869018555e-01,5.586524486541748047e+00,-1.350166082382202148e+00,-3.171587705612182617e+00,2.458941698074340820e+00
1.607198715209960938e+00,-3.982884809374809265e-02,2.494328975677490234e+00,-3.276043653488159180e+00,1.150903850793838501e-01
4.048047542572021484e+00,1.859301775693893433e-01,2.774167299270629883e+00,-9.541965126991271973e-01,2.663688659667968750e+00
-5.415911078453063965e-01,-2.342742532491683960e-01,-1.504748344421386719e+00,-4.256004810333251953e+00,2.901518344879150391e+00
3.559020280838012695e+00,5.127114772796630859e+00,1.030851244926452637e+00,2.619284391403198242e-01,3.733905553817749023e+00
2.034122943878173828e+00,1.973773121833801270e+00,2.479248046875000000e+00,-2.410758256912231445e+00,1.916937947273254395e+00
1.402969598770141602e+00,5.118052005767822266e+00,-4.061820209026336670e-01,-3.119074106216430664e+00,-1.223126053810119629e+00
2.040113210678100586e+00,5.320645809173583984e+00,-4.305864870548248291e-01,-1.223306298255920410e+00,-8.644832372665405273e-01
2.059705734252929688e+00,8.929269760847091675e-02,3.167490959167480469e+00,-2.433571100234985352e+00,1.101933121681213379e+00
-7.264106869697570801e-01,3.173804998397827148e+00,-2.541068792343139648e-01,-4.284236431121826172e+00,-9.894531965255737305e-01
2.301289319992065430e+00,4.969190120697021484e+00,-2.220166683197021484e+00,-7.301166653633117676e-01,4.992250919342041016e+00
1.580377101898193359e+00,3.889343738555908203e+00,9.413381814956665039e-01,-2.522083759307861328e+00,1.729725599288940430e+00
1.493277430534362793e+00,5.478219985961914062e+00,-1.275230526924133301e+00,-1.709205389022827148e+00,9.013032317161560059e-01
3.412510633468627930e+00,4.102679252624511719e+00,-7.971198558807373047e-01,1.435313344001770020e+00,1.631365656852722168e+00
3.165130138397216797e+00,3.272801876068115234e+00,3.664750754833221436e-01,-1.650285363197326660e+00,1.380060464143753052e-01
9.411265254020690918e-01,3.822411298751831055e+00,1.809335947036743164e-01,-3.121164321899414062e+00,-3.847239613533020020e-01
2.598496675491333008e+00,5.209861755371093750e+00,-1.708710074424743652e+00,2.978301346302032471e-01,2.289677143096923828e+00
2.489588737487792969e+00,2.414584875106811523e+00,2.471414566040039062e+00,-4.157665729522705078e+00,1.237988352775573730e+00
1.792043209075927734e+00,5.490859985351562500e+00,-1.486508846282958984e+00,-9.745466113090515137e-01,1.513969779014587402e+00
1.506802082061767578e+00,3.950210571289062500e+00,-5.686757620424032211e-03,-2.150746107101440430e+00,1.031888484954833984e+00
1.507635951042175293e+00,6.100416183471679688e+00,-1.622118592262268066e+00,-2.816341161727905273e+00,9.528676867485046387e-01
3.243957519531250000e+00,2.351391792297363281e+00,1.353250384330749512e+00,-1.127597570419311523e+00,2.013064622879028320e+00
8.934689164161682129e-01,3.031453609466552734e+00,-4.392174720764160156e+00,-3.049224376678466797e+00,6.377169609069824219e+00
2.307744026184082031e+00,3.017590522766113281e+00,1.262913703918457031e+00,-3.071969032287597656e+00,2.590851068496704102e+00
6.303928494453430176e-01,2.168274879455566406e+00,7.040647268295288086e-01,-4.350519657135009766e+00,-1.273157000541687012e-01
3.889316320419311523e+00,7.759810090065002441e-01,4.119968414306640625e-01,-2.124573230743408203e+00,9.667130112648010254e-01
-8.491731882095336914e-01,5.929426193237304688e+00,-1.216154098510742188e+00,-4.308098316192626953e+00,2.668338775634765625e+00
4.137978076934814453e+00,-2.103430986404418945e+00,1.516686201095581055e+00,-5.589907765388488770e-01,4.850274696946144104e-02
-1.270429372787475586e+00,2.909636259078979492e+00,-2.694426536560058594e+00,-1.924207925796508789e+00,1.649663925170898438e+00
3.379870414733886719e+00,7.227380752563476562e+00,-2.785028696060180664e+00,-1.046721816062927246e+00,-2.125725597143173218e-01
1.267325878143310547e+00,3.821905612945556641e+00,1.428434103727340698e-01,-3.891617059707641602e+00,1.297781109809875488e+00
2.798217773437500000e+00,4.569375991821289062e+00,-8.893949985504150391e-01,-1.866899847984313965e+00,4.362861633300781250e+00
5.557323098182678223e-01,5.269099235534667969e+00,-1.648659825325012207e+00,-4.463439464569091797e+00,2.782563209533691406e+00
-2.998803257942199707e-01,3.849871873855590820e+00,-2.555305480957031250e+00,-4.980991840362548828e+00,3.292557954788208008e+00
2.744909286499023438e+00,5.441082954406738281e+00,2.527820467948913574e-01,-9.490757435560226440e-02,2.390385389328002930e+00
1.164418935775756836e+00,6.955042839050292969e+00,-2.303069829940795898e+00,-9.201219677925109863e-01,4.123155400156974792e-02
1.597199559211730957e+00,4.396461009979248047e+00,-6.261966824531555176e-01,-1.784931063652038574e+00,8.840035200119018555e-01
2.096172332763671875e+00,7.582197666168212891e+00,-2.635289192199707031e+00,-1.617288827896118164e+00,2.889554977416992188e+00
1.901835560798645020e+00,3.425409317016601562e+00,-3.407618999481201172e+00,-1.519191622734069824e+00,2.082679033279418945e+00
2.910597026348114014e-01,7.357432365417480469e+00,-9.784266948699951172e-01,-1.981585264205932617e+00,2.037005662918090820e+00
5.551322102546691895e-01,5.546807765960693359e+00,-1.239216685295104980e+00,-4.059171199798583984e+00,2.981172800064086914e+00
1.281134963035583496e+00,3.446524143218994141e+00,-2.991650104522705078e+00,-1.085812211036682129e+00,-1.182964086532592773e+00
1.254570931196212769e-01,7.146757602691650391e+00,-9.231909513473510742e-01,-3.582565307617187500e+00,2.566614627838134766e+00
4.348510503768920898e-01,3.624015808105468750e+00,3.212799131870269775e-02,-3.714647769927978516e+00,2.203742504119873047e+00
1.703013658523559570e+00,2.762226343154907227e+00,-5.789638757705688477e-01,-2.176357984542846680e+00,1.318670153617858887e+00
2.403346776962280273e+00,4.480647087097167969e+00,9.919881820678710938e-01,-7.498668879270553589e-02,1.697139978408813477e+00
3.462632894515991211e-01,4.351527690887451172e+00,-4.489629268646240234e+00,-3.440249919891357422e+00,3.501910448074340820e+00
-6.372690200805664062e-02,6.248864173889160156e+00,-3.432387828826904297e+00,-3.032911539077758789e+00,2.250442028045654297e+00
1.552818298339843750e+00,3.760075330734252930e+00,-2.033621519804000854e-01,-3.057167768478393555e+00,-8.569067716598510742e-01
2.282472848892211914e+00,3.033040285110473633e+00,2.132222056388854980e-01,-1.056320190429687500e+00,1.105468988418579102e+00
1.492873072624206543e+00,3.487138032913208008e+00,-1.147993057966232300e-01,-3.458892583847045898e+00,1.782904148101806641e+00
2.606635808944702148e+00,6.230993270874023438e+00,3.971685469150543213e-01,-1.246697008609771729e-01,2.142955541610717773e+00
1.674182772636413574e+00,7.966336250305175781e+00,-1.230480313301086426e+00,-1.778520941734313965e+00,2.335265874862670898e+00
1.510536074638366699e+00,1.743928551673889160e+00,2.406709909439086914e+00,-3.154650926589965820e+00,-6.531754136085510254e-01
-1.818346738815307617e+00,1.900172114372253418e+00,-4.738355159759521484e+00,-4.940639019012451172e+00,3.589539527893066406e+00
-2.579280361533164978e-02,4.915530204772949219e+00,-1.169023036956787109e+00,-2.864561796188354492e+00,-2.418503046035766602e+00
-1.735131859779357910e+00,6.049813270568847656e+00,-1.803393244743347168e+00,-3.881246089935302734e+00,1.445825219154357910e+00
1.426165938377380371e+00,5.878667354583740234e+00,-1.414774894714355469e+00,-2.493877887725830078e+00,-3.513212203979492188e-01
1.374111533164978027e+00,4.684508323669433594e+00,-2.467817068099975586e-02,-2.410590648651123047e+00,2.156677693128585815e-01
1.764098644256591797e+00,5.070978641510009766e+00,-1.978458285331726074e+00,-2.700343370437622070e+00,4.736441612243652344e+00
-2.815635204315185547e+00,5.119180679321289062e+00,-1.175896763801574707e+00,-5.800095558166503906e+00,1.013291478157043457e+00
1.853516221046447754e+00,-5.686753988265991211e-01,1.745026469230651855e+00,-3.411521434783935547e+00,1.950448513031005859e+00
2.525067925453186035e-01,2.996679306030273438e+00,-3.057326555252075195e+00,-2.528117895126342773e+00,2.454049825668334961e+00
2.166904687881469727e+00,5.284178256988525391e+00,-2.711826860904693604e-01,-1.463928341865539551e+00,4.342105388641357422e+00
1.597786903381347656e+00,3.733814477920532227e+00,-1.251241564750671387e+00,-2.431365728378295898e+00,1.128477096557617188e+00
-8.658282756805419922e-01,5.089828014373779297e+00,-2.864287853240966797e+00,-3.981146097183227539e+00,2.393363237380981445e+00
5.202382802963256836e-01,6.808279514312744141e+00,-2.244096040725708008e+00,-3.534258008003234863e-01,1.603377461433410645e+00
3.687581300735473633e+00,6.568853855133056641e+00,-1.399383783340454102e+00,-2.098902314901351929e-01,8.329772353172302246e-01
2.256824016571044922e+00,6.511257648468017578e+00,6.742069125175476074e-01,1.573469936847686768e-01,3.914197444915771484e+00
-3.159041106700897217e-01,4.589508056640625000e+00,-2.197823286056518555e+00,-4.733002662658691406e+00,1.466443419456481934e+00
3.522500753402709961e+00,4.680884838104248047e+00,1.983211517333984375e+00,-1.639672368764877319e-01,3.348859786987304688e+00
-6.931825876235961914e-01,6.289012908935546875e+00,-2.224769830703735352e+00,-3.771566867828369141e+00,2.467334508895874023e+00
-1.191403746604919434e+00,2.344147682189941406e+00,-4.689168035984039307e-01,-6.128577709197998047e+00,1.297220706939697266e+00
-1.046097874641418457e+00,2.443262577056884766e+00,-5.801385402679443359e+00,-3.839001893997192383e+00,5.517404556274414062e+00
7.839609384536743164e-01,4.996209144592285156e+00,-9.058425426483154297e-01,-4.515624046325683594e+00,2.809171915054321289e+00
-1.853015542030334473e+00,4.772625446319580078e+00,-1.801486134529113770e+00,-4.241845130920410156e+00,-2.365956604480743408e-01
3.005883216857910156e+00,5.842016220092773438e+00,2.204717636108398438e+00,-1.899377465248107910e+00,3.486935377120971680e+00
-1.111291050910949707e+00,3.443065404891967773e+00,-3.382232666015625000e+00,-4.389170169830322266e+00,4.212268352508544922e+00
-2.496547698974609375e+00,2.680641174316406250e+00,-7.005217075347900391e+00,-8.942164182662963867e-01,4.914180338382720947e-01
9.508735537528991699e-01,4.762516498565673828e+00,-4.729024410247802734e+00,-9.348204731941223145e-01,3.599607467651367188e+00
-1.094531640410423279e-01,7.454698562622070312e+00,-1.692618250846862793e+00,-1.348391890525817871e+00,-1.620863080024719238e+00
2.188483476638793945e+00,3.070121288299560547e+00,1.945074439048767090e+00,-1.975608706474304199e+00,2.625290870666503906e+00
2.969859540462493896e-01,5.942090511322021484e+00,-1.544591546058654785e+00,-1.948867917060852051e+00,3.560639381408691406e+00
-1.581358760595321655e-01,6.368654251098632812e+00,-2.321287631988525391e+00,-3.520775556564331055e+00,2.793649911880493164e+00
-4.618826210498809814e-01,3.828762054443359375e+00,-3.389055252075195312e+00,-3.527917146682739258e+00,4.234437942504882812e+00
1.507261872291564941e+00,6.563629627227783203e+00,-2.703859329223632812e+00,-1.741790413856506348e+00,3.056328296661376953e-01
1.423562616109848022e-01,4.810365200042724609e+00,-3.925662279129028320e+00,-1.988079428672790527e+00,1.797074437141418457e+00
1.575605273246765137e+00,5.209506988525390625e+00,-7.948172688484191895e-01,-2.174236297607421875e+00,3.709707498550415039e+00
-1.543223023414611816e+00,3.910214424133300781e+00,-3.479987859725952148e+00,-4.293198108673095703e+00,3.946854114532470703e+00
-7.055186033248901367e-01,3.619785547256469727e+00,-5.790401458740234375e+00,-3.631282567977905273e+00,2.957604646682739258e+00
2.472443819046020508e+00,3.748684644699096680e+00,-4.785694122314453125e+00,9.200428128242492676e-01,1.838628530502319336e+00
-3.522796630859375000e+00,-4.846387863159179688e+00,2.092687129974365234e+00,7.925896905362606049e-03,-1.829981088638305664e+00
-3.490662336349487305e+00,-4.915770530700683594e+00,2.161813020706176758e+00,-1.573450714349746704e-01,-1.897922277450561523e+00
-1.043424797058105469e+01,5.254073143005371094e+00,3.670817375183105469e+00,9.085165023803710938e+00,1.947749614715576172e+00
-3.613602399826049805e+00,-2.515754461288452148e+00,4.838974475860595703e+00,1.978149414062500000e+00,-3.539077341556549072e-01
-1.206573867797851562e+01,3.764080286026000977e+00,9.519270062446594238e-01,6.014469146728515625e+00,6.519852280616760254e-01
-1.150278377532958984e+01,4.005372047424316406e+00,-3.078716993331909180e-01,5.552039146423339844e+00,4.833980202674865723e-01
-1.144425487518310547e+01,3.022572278976440430e+00,5.463680028915405273e-01,4.229966640472412109e+00,1.667929291725158691e-01
-1.095465564727783203e+01,3.576061248779296875e+00,-1.579462438821792603e-01,5.239168167114257812e+00,3.957672119140625000e-01
-9.999451637268066406e+00,4.658240318298339844e+00,7.738970518112182617e-01,4.556301116943359375e+00,3.694820106029510498e-01
-9.999450683593750000e+00,4.658241271972656250e+00,7.738964557647705078e-01,4.556304931640625000e+00,3.694813251495361328e-01
-1.144425487518310547e+01,3.022572278976440430e+00,5.463683605194091797e-01,4.229967117309570312e+00,1.667932122945785522e-01
-1.144425487518310547e+01,3.022572517395019531e+00,5.463677048683166504e-01,4.229967117309570312e+00,1.667923033237457275e-01
-2.884491682052612305e+00,4.710201740264892578e+00,2.673380851745605469e+00,6.027483940124511719e+00,6.400975704193115234e+00
-1.235751271247863770e+00,-4.300834655761718750e+00,3.416764497756958008e+00,-1.374944299459457397e-01,-2.694648504257202148e-01
-1.034735798835754395e+00,-2.711862325668334961e+00,4.175317764282226562e+00,1.749736547470092773e+00,2.020740270614624023e+00
-1.118620559573173523e-01,-1.866083741188049316e+00,4.164672851562500000e+00,9.345894455909729004e-01,2.437710285186767578e+00
-6.695084571838378906e-01,-1.667521953582763672e+00,4.462537288665771484e+00,1.244591951370239258e+00,2.807462930679321289e+00
-8.564573287963867188e+00,4.183222770690917969e+00,3.110709428787231445e+00,6.675358772277832031e+00,1.305714726448059082e+00
-7.493467807769775391e+00,3.970113277435302734e+00,4.083698272705078125e+00,6.791732311248779297e+00,2.679935455322265625e+00
-8.702950477600097656e+00,4.060792922973632812e+00,3.972060441970825195e+00,7.737001895904541016e+00,2.017687320709228516e+00
-9.304983139038085938e+00,4.783767700195312500e+00,2.918825149536132812e+00,7.608646392822265625e+00,1.906299352645874023e+00
-8.338330268859863281e+00,4.204772472381591797e+00,4.049365043640136719e+00,7.611907005310058594e+00,2.325891256332397461e+00
-6.212245464324951172e+00,1.005119085311889648e+00,-3.708457350730895996e-01,-3.517004013061523438e+00,8.761357069015502930e-01
-4.148627281188964844e+00,5.699555873870849609e-01,5.268810391426086426e-01,-3.590483427047729492e+00,-2.760083973407745361e-01
-6.212245941162109375e+00,1.005119085311889648e+00,-3.708455264568328857e-01,-3.517003297805786133e+00,8.761352896690368652e-01
-6.212245941162109375e+00,1.005118370056152344e+00,-3.708447217941284180e-01,-3.517004251480102539e+00,8.761349916458129883e-01
-1.802488684654235840e+00,-2.532626152038574219e+00,4.500970363616943359e+00,2.299595624208450317e-01,3.521978855133056641e-01
-1.695406794548034668e+00,-2.023959875106811523e+00,3.916697263717651367e+00,-5.892131924629211426e-01,-7.149595022201538086e-02
-7.043961524963378906e+00,-2.972003817558288574e-01,2.494911670684814453e+00,3.072147130966186523e+00,2.037000894546508789e+00
-4.169154644012451172e+00,-3.254315614700317383e+00,-1.209340929985046387e+00,-3.220339775085449219e+00,-1.472219347953796387e+00
-8.800179481506347656e+00,3.330547511577606201e-01,-5.271566867828369141e+00,-1.215925455093383789e+00,3.013270854949951172e+00
-8.501868247985839844e+00,6.788641810417175293e-01,-5.597177505493164062e+00,-7.850703597068786621e-01,1.849632620811462402e+00
-8.501787185668945312e+00,6.788352131843566895e-01,-5.597202301025390625e+00,-7.850673794746398926e-01,1.849586725234985352e+00
-8.451960563659667969e+00,-4.196376502513885498e-01,-4.165156364440917969e+00,-1.495483517646789551e+00,1.079722166061401367e+00
-8.501746177673339844e+00,6.788316965103149414e-01,-5.597207546234130859e+00,-7.850663065910339355e-01,1.849575042724609375e+00
-4.889621138572692871e-01,-2.103587865829467773e+00,4.271742820739746094e+00,1.125754237174987793e+00,2.008728504180908203e+00
-9.538999944925308228e-02,-2.309278011322021484e+00,5.310502052307128906e+00,1.725888013839721680e+00,3.357388734817504883e+00
-9.212987422943115234e-01,-3.061970949172973633e+00,4.491839885711669922e+00,8.242031335830688477e-01,1.205510139465332031e+00
-8.604443669319152832e-01,-2.657505035400390625e+00,4.847917556762695312e+00,1.412693381309509277e+00,1.309601545333862305e+00
-1.294936060905456543e+00,-1.501556634902954102e+00,5.003861904144287109e+00,1.810880422592163086e+00,3.607640027999877930e+00
-1.978899538516998291e-01,-1.799578905105590820e+00,4.365705490112304688e+00,9.753472208976745605e-01,2.693250179290771484e+00
-1.328029036521911621e+00,-2.115457534790039062e+00,4.933854579925537109e+00,2.484931945800781250e+00,3.603728771209716797e+00
-7.998335361480712891e-01,-1.717375755310058594e+00,4.692050933837890625e+00,1.409036397933959961e+00,2.863217115402221680e+00
-2.466830611228942871e-01,-1.807365417480468750e+00,4.365370750427246094e+00,8.748539686203002930e-01,2.580629348754882812e+00
3.127553313970565796e-02,-2.696683645248413086e+00,4.057912826538085938e+00,-3.138412535190582275e-01,1.477310419082641602e+00
-4.541833877563476562e+00,-3.289714813232421875e+00,-1.620158076286315918e+00,-3.489757537841796875e+00,-1.507807970046997070e+00
-4.517503738403320312e+00,-3.296032667160034180e+00,-1.591541171073913574e+00,-3.417649745941162109e+00,-1.688076496124267578e+00
-4.837959289550781250e+00,-3.331065177917480469e+00,-1.685982108116149902e+00,-3.261821031570434570e+00,-1.660028457641601562e+00
-3.473952531814575195e+00,-3.733976364135742188e+00,-5.179192423820495605e-01,-2.493189573287963867e+00,-1.194377422332763672e+00
-2.580353975296020508e+00,-3.566403150558471680e+00,-3.308785706758499146e-02,-2.668377637863159180e+00,-7.852640151977539062e-01
-3.246136903762817383e+00,-2.931706190109252930e+00,-9.225680232048034668e-01,-2.802286624908447266e+00,-6.141111850738525391e-01
-3.196086645126342773e+00,-1.873274564743041992e+00,-2.721730709075927734e+00,-3.156538724899291992e+00,-1.711582094430923462e-01
-3.839897632598876953e+00,-3.235436439514160156e+00,-1.332138657569885254e+00,-2.423618555068969727e+00,-2.151280045509338379e-01
-3.979879617691040039e+00,-4.206555366516113281e+00,-7.857542634010314941e-01,-1.658783674240112305e+00,-1.264076232910156250e+00
-3.100300073623657227e+00,-3.769898891448974609e+00,1.392474919557571411e-01,-1.694642424583435059e+00,-1.028969883918762207e+00
-1.280637383460998535e+00,-3.711264848709106445e+00,1.361573696136474609e+00,-2.545059442520141602e+00,-1.197799086570739746e+00
-3.128396749496459961e+00,-3.837956190109252930e+00,3.434424638748168945e+00,3.606145083904266357e-01,-1.038963317871093750e+00
-2.846702575683593750e+00,-4.391791820526123047e+00,3.631183624267578125e+00,-2.976851761341094971e-01,-1.651720881462097168e+00
-2.646805047988891602e+00,-4.331719875335693359e+00,3.596149206161499023e+00,-5.181846618652343750e-01,-1.647652864456176758e+00
-5.629805088043212891e+00,-2.353266477584838867e-01,5.399676322937011719e+00,5.337159156799316406e+00,1.871994733810424805e+00
-5.542707443237304688e+00,4.356614112854003906e+00,-4.528502747416496277e-02,2.250975131988525391e+00,-3.404398441314697266e+00
-5.907909393310546875e+00,1.641245365142822266e+00,5.197051048278808594e+00,3.846484184265136719e+00,3.339115858078002930e+00
-5.542706012725830078e+00,4.356614589691162109e+00,-4.528592526912689209e-02,2.250973701477050781e+00,-3.404397726058959961e+00
-5.608453750610351562e+00,1.613186717033386230e+00,5.300893306732177734e+00,3.620782136917114258e+00,3.509627342224121094e+00
-6.314575672149658203e+00,1.495015740394592285e+00,5.142138004302978516e+00,4.416479110717773438e+00,3.503689050674438477e+00
-9.576740264892578125e+00,2.410920619964599609e+00,5.428624629974365234e+00,9.566909790039062500e+00,4.492822647094726562e+00
-5.542707443237304688e+00,4.356613636016845703e+00,-4.528656229376792908e-02,2.250973224639892578e+00,-3.404397487640380859e+00
-5.542709350585937500e+00,4.356615543365478516e+00,-4.528714716434478760e-02,2.250983953475952148e+00,-3.404397487640380859e+00
-7.332849502563476562e+00,1.543088674545288086e+00,2.366076231002807617e+00,2.890990734100341797e+00,-9.678773880004882812e-01
-7.968412876129150391e+00,1.005559921264648438e+00,2.007400989532470703e+00,2.451781511306762695e+00,-9.288519620895385742e-01
-8.665462493896484375e+00,4.280887126922607422e+00,2.293327808380126953e+00,2.993873834609985352e+00,-2.105174958705902100e-01
-6.474790096282958984e+00,2.139273643493652344e+00,3.047501325607299805e+00,2.634610891342163086e+00,2.015318632125854492e+00
-6.968791961669921875e+00,4.491196632385253906e+00,2.843137979507446289e+00,2.397232532501220703e+00,-8.257871866226196289e-01
-8.258060455322265625e+00,4.873270988464355469e+00,2.626470327377319336e+00,2.791936397552490234e+00,-1.232818603515625000e+00
-3.906304359436035156e+00,-2.871567569673061371e-02,4.262900829315185547e+00,1.390017151832580566e+00,1.264660835266113281e+00
-7.325432777404785156e+00,6.977614164352416992e-01,1.970677614212036133e+00,2.219733953475952148e+00,-9.768076539039611816e-01
-5.090404033660888672e+00,9.076725244522094727e-01,4.232583999633789062e+00,2.553623914718627930e+00,1.312448620796203613e+00
-7.114072799682617188e+00,3.246145248413085938e+00,3.338296651840209961e+00,3.053790807723999023e+00,2.736833095550537109e+00
-6.631262779235839844e+00,-4.523378849029541016e+00,1.548481345176696777e+00,-4.055896699428558350e-01,1.140778183937072754e+00
-5.920177936553955078e+00,-3.586040496826171875e+00,1.979920744895935059e+00,2.262214899063110352e+00,2.005334854125976562e+00
-9.945736885070800781e+00,-4.464918136596679688e+00,-7.272737622261047363e-01,3.381439745426177979e-01,4.290271759033203125e+00
-8.215759277343750000e+00,-3.995390653610229492e+00,9.562789201736450195e-01,6.737337708473205566e-01,1.792951941490173340e+00
-3.788351774215698242e+00,-2.284290552139282227e+00,-2.055780887603759766e+00,-4.280576705932617188e+00,-7.729398459196090698e-02
-5.542706966400146484e+00,4.356614112854003906e+00,-4.528483748435974121e-02,2.250974178314208984e+00,-3.404398918151855469e+00
-4.628764629364013672e+00,4.012837886810302734e+00,7.615286111831665039e-01,7.506729364395141602e-01,-3.524169206619262695e+00
-9.608199119567871094e+00,-4.299253940582275391e+00,-6.704975664615631104e-02,7.988164424896240234e-01,3.927597045898437500e+00
-9.945736885070800781e+00,-4.464918136596679688e+00,-7.272742986679077148e-01,3.381443321704864502e-01,4.290273666381835938e+00
-7.911361694335937500e+00,-4.014841556549072266e+00,-9.824545681476593018e-02,2.408649772405624390e-01,1.865179300308227539e+00
-2.934253215789794922e+00,1.020998477935791016e+00,1.287262558937072754e+00,-5.043313503265380859e-01,-3.475991249084472656e+00
-4.628763198852539062e+00,4.012839317321777344e+00,7.615274786949157715e-01,7.506720423698425293e-01,-3.524168014526367188e+00
-5.542706489562988281e+00,4.356614589691162109e+00,-4.528521373867988586e-02,2.250973463058471680e+00,-3.404398202896118164e+00
-5.542706489562988281e+00,4.356614112854003906e+00,-4.528616741299629211e-02,2.250973463058471680e+00,-3.404397726058959961e+00
-6.969349384307861328e+00,-4.024399220943450928e-01,3.290042400360107422e+00,2.797659397125244141e+00,9.328016042709350586e-01
-3.247495412826538086e+00,1.910937070846557617e+00,2.863730192184448242e+00,-1.179780125617980957e+00,1.203153491020202637e+00
-3.736693382263183594e+00,-2.156414031982421875e+00,4.067670345306396484e+00,1.122052311897277832e+00,6.258928775787353516e-01
-3.555032253265380859e+00,-2.408605813980102539e+00,4.015851497650146484e+00,7.917707562446594238e-01,3.847067654132843018e-01
-1.118763542175292969e+01,1.377995133399963379e+00,1.926447987556457520e+00,4.126969814300537109e+00,4.765434265136718750e+00
-7.055503845214843750e+00,4.814476966857910156e+00,4.083727836608886719e+00,3.208452463150024414e+00,3.946772098541259766e+00
-5.388368606567382812e+00,1.781908869743347168e+00,4.727937698364257812e+00,2.670651435852050781e+00,2.278687477111816406e+00
-7.974897861480712891e+00,2.214281082153320312e+00,2.820541620254516602e+00,1.778157949447631836e+00,3.741253852844238281e+00
-4.044567346572875977e-01,-4.163683891296386719e+00,8.015421628952026367e-01,-5.147912725806236267e-02,-1.844455003738403320e+00
-1.182292222976684570e+00,-8.308624029159545898e-01,-4.524715542793273926e-01,2.998102664947509766e+00,-3.088349580764770508e+00
-1.182292103767395020e+00,-8.308620452880859375e-01,-4.524720013141632080e-01,2.998103141784667969e+00,-3.088349819183349609e+00
-1.110842943191528320e+00,-8.369296789169311523e-01,-4.641743302345275879e-01,3.178175926208496094e+00,-2.957228660583496094e+00
4.303761720657348633e-01,-3.498351812362670898e+00,1.918730437755584717e-01,7.691640853881835938e-01,-1.734907388687133789e+00
1.135162472724914551e+00,-3.219885349273681641e+00,1.429824829101562500e+00,-3.225012496113777161e-02,-1.837305307388305664e+00
2.118327617645263672e+00,-3.047713279724121094e+00,-1.022012978792190552e-01,1.222697019577026367e+00,-1.465524196624755859e+00
2.228783369064331055e+00,-1.259493708610534668e+00,-2.553920030593872070e+00,1.609053969383239746e+00,-2.396005868911743164e+00
2.463753670454025269e-01,5.826113820075988770e-01,-4.264153003692626953e+00,4.224874973297119141e+00,-3.400220632553100586e+00
5.200878977775573730e-01,-2.790488243103027344e+00,-1.583111733198165894e-01,1.405787467956542969e+00,-2.673957347869873047e+00
1.595489859580993652e+00,-1.141286969184875488e+00,-6.030264854431152344e+00,3.791779279708862305e+00,-7.774692177772521973e-01
1.581274628639221191e+00,-3.279184922575950623e-02,3.460792899131774902e-01,1.358348727226257324e+00,-5.230553150177001953e-01
2.145627975463867188e+00,-2.526064872741699219e+00,-5.340921401977539062e+00,3.884850263595581055e+00,-6.471339464187622070e-01
4.482457935810089111e-01,-8.264428377151489258e-01,-4.985629081726074219e+00,3.686428785324096680e+00,-2.881888389587402344e+00
8.560021519660949707e-01,-3.303881168365478516e+00,8.233669996261596680e-01,1.190284013748168945e+00,-2.416527509689331055e+00
2.525795936584472656e+00,1.853316545486450195e+00,-1.494119763374328613e+00,1.174512028694152832e+00,-1.385975360870361328e+00
2.433661460876464844e+00,-1.154021978378295898e+00,-3.871818304061889648e+00,3.247274637222290039e+00,-1.984245181083679199e+00
-2.715860903263092041e-01,-8.070494532585144043e-01,-7.906836509704589844e+00,5.614680290222167969e+00,-6.454725563526153564e-02
-1.451134383678436279e-01,-2.702022492885589600e-01,-7.907305717468261719e+00,5.090648651123046875e+00,-8.469207882881164551e-01
3.597640752792358398e+00,-1.191005468368530273e+00,-1.300155758857727051e+00,2.434944868087768555e+00,-3.023794889450073242e+00
2.661761760711669922e+00,-1.542656660079956055e+00,-2.065452575683593750e+00,4.265270709991455078e+00,-6.976937651634216309e-01
7.166720628738403320e-01,-1.063387036323547363e+00,-7.465736389160156250e+00,4.404853820800781250e+00,-1.751112818717956543e+00
1.628171950578689575e-01,-8.912284970283508301e-01,-7.797619342803955078e+00,4.383047103881835938e+00,-2.189610719680786133e+00
2.155265808105468750e+00,-4.562819600105285645e-01,-3.869006395339965820e+00,2.626894474029541016e+00,-3.228879451751708984e+00
3.484183549880981445e+00,-1.330041289329528809e+00,-4.725578129291534424e-01,2.347132205963134766e+00,-2.566608190536499023e+00
-6.501764059066772461e-02,-3.188514947891235352e+00,9.609777331352233887e-01,1.262126207351684570e+00,-2.435515165328979492e+00
3.471285343170166016e+00,-2.449706196784973145e-01,-1.219982743263244629e+00,4.552539348602294922e+00,-2.510662078857421875e+00
7.633684873580932617e-01,-3.330415725708007812e+00,2.362453043460845947e-01,1.372410297393798828e+00,-2.255025863647460938e+00
-2.033142805099487305e+00,-3.281780719757080078e+00,-6.298458576202392578e-01,1.510736227035522461e+00,-1.112006902694702148e+00
4.394835829734802246e-01,-4.505897164344787598e-01,-3.281193256378173828e+00,3.906260013580322266e+00,-3.112674236297607422e+00
3.755579710006713867e+00,-1.794998288154602051e+00,-3.011122226715087891e+00,3.331989526748657227e+00,-9.850153326988220215e-01
2.485801935195922852e+00,-2.117741346359252930e+00,-3.117096185684204102e+00,2.207316398620605469e+00,-1.422695994377136230e+00
-1.712244629859924316e+00,2.132325649261474609e+00,-7.779989719390869141e+00,6.526288986206054688e+00,-5.675395011901855469e+00
-1.393275499343872070e+00,-9.740079641342163086e-01,-2.714248180389404297e+00,4.083564281463623047e+00,-3.789009332656860352e+00
-5.244653820991516113e-01,-1.097868919372558594e+00,-4.604873180389404297e+00,9.459223747253417969e+00,-9.504150152206420898e-01
2.489170551300048828e+00,8.521056771278381348e-01,-4.528898715972900391e+00,8.357668876647949219e+00,-2.359772101044654846e-02
4.021950364112854004e-01,-3.209056377410888672e+00,4.268909096717834473e-01,6.721792817115783691e-01,-2.326878547668457031e+00
3.328241407871246338e-01,-3.319874286651611328e+00,5.195693969726562500e-01,1.093505501747131348e+00,-2.276194572448730469e+00
-2.702106535434722900e-01,-3.658595323562622070e+00,1.620368242263793945e+00,6.201599836349487305e-01,-2.181064605712890625e+00
2.196922063827514648e+00,-1.835668087005615234e+00,-1.276526808738708496e+00,1.023209810256958008e+00,-2.511769056320190430e+00
2.895179986953735352e+00,-1.534150362014770508e+00,8.170355111360549927e-02,1.798310756683349609e+00,-2.978869676589965820e+00
6.626063585281372070e-01,-1.874299049377441406e+00,-4.232146263122558594e+00,5.672641277313232422e+00,-1.155064344406127930e+00
2.204996645450592041e-01,-1.860197305679321289e+00,-2.993837833404541016e+00,3.679814100265502930e+00,-2.069511651992797852e+00
3.605942010879516602e+00,-1.708386898040771484e+00,-9.099725633859634399e-02,2.861288547515869141e+00,-2.039642572402954102e+00
2.903509438037872314e-01,-3.849274873733520508e+00,1.452324628829956055e+00,9.190533757209777832e-01,-2.165611505508422852e+00
3.577439546585083008e+00,-5.535225272178649902e-01,-8.585080504417419434e-01,3.577689647674560547e+00,-2.880309343338012695e+00
2.668652296066284180e+00,-1.527670383453369141e+00,6.011598706245422363e-01,1.767956256866455078e+00,-3.052469491958618164e+00
3.311831474304199219e+00,-1.700003981590270996e+00,-2.530409954488277435e-02,2.272034406661987305e+00,-2.040810585021972656e+00
2.324764013290405273e+00,-2.419137954711914062e+00,6.095018386840820312e-01,1.508953720331192017e-01,-2.765068292617797852e+00
1.694818019866943359e+00,-3.302745103836059570e+00,8.215189576148986816e-01,7.389512658119201660e-01,-2.626775979995727539e+00
2.949778556823730469e+00,-9.059903025627136230e-01,-2.108127832412719727e+00,1.567059516906738281e+00,-7.362974286079406738e-01
3.672464489936828613e-01,-3.393367052078247070e+00,1.253621816635131836e+00,8.684441447257995605e-01,-2.785697937011718750e+00
4.028612613677978516e+00,1.435348093509674072e-01,-1.666124463081359863e+00,4.487418651580810547e+00,-2.957951307296752930e+00
2.456749677658081055e+00,-2.256693363189697266e+00,1.412816792726516724e-01,1.460967779159545898e+00,-2.601687192916870117e+00
3.401915431022644043e-01,-2.809126615524291992e+00,1.012215018272399902e+00,6.176437139511108398e-01,-2.641270399093627930e+00
-4.894991517066955566e-01,5.284364819526672363e-01,-4.904016017913818359e+00,5.435300827026367188e+00,-3.776499271392822266e+00
1.809670567512512207e+00,-2.456625699996948242e+00,7.258582711219787598e-01,9.332162141799926758e-01,-2.885797739028930664e+00
2.390908718109130859e+00,-2.246694564819335938e+00,3.428049683570861816e-01,1.311980009078979492e+00,-2.585624694824218750e+00
3.385026454925537109e+00,-6.017568707466125488e-01,-7.706356048583984375e-01,3.323321819305419922e+00,-3.019905328750610352e+00
2.716818094253540039e+00,-1.899867892265319824e+00,3.214286863803863525e-01,1.308608770370483398e+00,-2.927189350128173828e+00
2.048469305038452148e+00,-1.664211630821228027e+00,-5.669323354959487915e-02,2.105306625366210938e+00,-3.102943181991577148e+00
2.495214700698852539e+00,-1.626286625862121582e+00,-5.178686976432800293e-01,1.818683862686157227e+00,-3.329390764236450195e+00
2.037042379379272461e+00,-1.938006281852722168e+00,2.004744708538055420e-01,1.572843432426452637e+00,-3.090183734893798828e+00
1.059729576110839844e+00,-1.000773236155509949e-01,-6.141093730926513672e+00,6.109022617340087891e+00,-3.292927026748657227e+00
6.751806735992431641e-01,-4.260198175907135010e-01,-7.549829483032226562e+00,4.977683067321777344e+00,-1.042685151100158691e+00
1.247222185134887695e+00,-1.655416190624237061e-01,-4.833435058593750000e+00,3.703950643539428711e+00,-3.212760925292968750e+00
1.341945886611938477e+00,-1.145123124122619629e+00,-2.299901247024536133e+00,2.750709533691406250e+00,-3.014102458953857422e+00
1.590473055839538574e+00,-1.910438418388366699e+00,-5.117473602294921875e+00,3.516443967819213867e+00,-1.873497366905212402e+00
3.207285165786743164e+00,-1.196892976760864258e+00,-2.960461378097534180e+00,4.673818111419677734e+00,-4.194911122322082520e-01
2.086879491806030273e+00,-2.737308502197265625e+00,-9.130045175552368164e-01,1.575243949890136719e+00,-1.248007178306579590e+00
-2.913414955139160156e+00,8.121399283409118652e-01,-2.028157711029052734e+00,-8.548936843872070312e-01,4.983092248439788818e-01
-1.193644523620605469e+00,-6.539116501808166504e-01,-8.605122566223144531e+00,5.583196163177490234e+00,1.816973835229873657e-01
-3.740382492542266846e-01,-3.463320732116699219e+00,-6.412031650543212891e-01,2.160937786102294922e+00,-1.811121582984924316e+00
-9.507893919944763184e-01,-4.769284278154373169e-02,-3.950794935226440430e+00,6.175586700439453125e+00,-3.219785451889038086e+00
-4.189614057540893555e-01,-4.000652313232421875e+00,1.989019632339477539e+00,-8.003895729780197144e-02,-2.442253828048706055e+00
7.104668617248535156e-01,-3.069178104400634766e+00,1.141615152359008789e+00,5.521687865257263184e-01,-2.615885019302368164e+00
1.954938411712646484e+00,-3.036854028701782227e+00,-6.576784253120422363e-01,1.300621986389160156e+00,-2.008282423019409180e+00
-1.431843519210815430e+00,-1.111479282379150391e+00,5.582870841026306152e-01,1.836745381355285645e+00,-3.193555593490600586e+00
2.441489398479461670e-01,-1.404551506042480469e+00,-2.376399993896484375e+00,3.068915367126464844e+00,-3.153245210647583008e+00
6.872600913047790527e-01,-3.324861049652099609e+00,1.274056196212768555e+00,6.330931186676025391e-01,-2.391338348388671875e+00
1.425681948661804199e+00,-7.040410041809082031e-01,-5.868661880493164062e+00,4.680493831634521484e+00,-2.174822092056274414e+00
1.705305576324462891e+00,-3.856438994407653809e-01,-5.500644207000732422e+00,4.628751754760742188e+00,-1.440192937850952148e+00
2.694870233535766602e+00,-5.185178518295288086e-01,-8.446797728538513184e-01,1.626090884208679199e+00,-3.195637941360473633e+00
-9.775384515523910522e-02,-3.082666397094726562e+00,-1.736051678657531738e+00,2.794857978820800781e+00,-1.572860240936279297e+00
1.223912477493286133e+00,-2.277260065078735352e+00,-6.776127219200134277e-01,7.898821830749511719e-01,-3.014806270599365234e+00
1.067128300666809082e+00,-1.674315452575683594e+00,-1.816017985343933105e+00,1.953496694564819336e+00,-3.109327793121337891e+00
-1.214893579483032227e+00,-3.612542152404785156e+00,6.037473082542419434e-01,1.604815959930419922e+00,-1.898913025856018066e+00
1.550406813621520996e+00,-2.553430795669555664e+00,-3.165913581848144531e+00,4.661200046539306641e+00,-1.681302309036254883e+00
2.723690032958984375e+00,-1.255727291107177734e+00,-7.102688789367675781e+00,7.641137123107910156e+00,-1.300331592559814453e+00
1.976141035556793213e-01,-3.908238410949707031e+00,1.516058206558227539e+00,8.281220197677612305e-01,-2.146945714950561523e+00
3.465260863304138184e-01,-3.362838745117187500e+00,-4.554346501827239990e-01,2.029438018798828125e+00,-1.307453751564025879e+00
4.991319477558135986e-01,-3.887230873107910156e+00,1.323287725448608398e+00,1.193007946014404297e+00,-2.080847501754760742e+00
-2.184469103813171387e-01,-3.542855262756347656e+00,1.726573467254638672e+00,1.372220516204833984e-01,-2.432006597518920898e+00
1.995291374623775482e-02,-3.733604907989501953e+00,-7.723653316497802734e-01,1.445078253746032715e+00,-1.958760261535644531e+00
-2.289012908935546875e+00,-2.947113275527954102e+00,-3.845548152923583984e+00,4.340515613555908203e+00,1.424303531646728516e+00
1.291756153106689453e+00,-3.683546543121337891e+00,-1.785375952720642090e+00,1.248052954673767090e+00,-9.352216124534606934e-01
1.352021455764770508e+00,-3.773277521133422852e+00,-1.646920800209045410e+00,1.356336355209350586e+00,-7.958301901817321777e-01
5.243051052093505859e-01,-2.720992803573608398e+00,2.849922478199005127e-01,7.292710542678833008e-01,-2.928258895874023438e+00
7.473734021186828613e-01,-3.183928966522216797e+00,1.068222284317016602e+00,8.192146420478820801e-01,-2.411492586135864258e+00
1.583394169807434082e+00,-3.140647172927856445e+00,1.338243842124938965e+00,1.051895976066589355e+00,-9.989251494407653809e-01
