-7.225109338760375977e-01,-3.119434833526611328e+00,1.344967484474182129e+00,3.236648797988891602e+00,3.970861434936523438e+00
-1.938447833061218262e+00,1.565763652324676514e-01,-6.690515279769897461e-01,-9.740266799926757812e-01,5.268081188201904297e+00
1.117752552032470703e+00,-4.859453678131103516e+00,6.491515636444091797e-01,-1.371119856834411621e+00,5.606500625610351562e+00
-3.505776405334472656e+00,2.818256616592407227e-01,-2.463418960571289062e+00,-2.694430828094482422e+00,1.665434241294860840e+00
1.783963441848754883e+00,2.570777416229248047e+00,-1.805767893791198730e+00,2.116973400115966797e+00,1.998156428337097168e+00
-4.811607837677001953e+00,-1.632812172174453735e-01,-1.168664813041687012e+00,-4.615043163299560547e+00,1.976116180419921875e+00
6.619587540626525879e-02,1.550715208053588867e+00,-1.978235721588134766e+00,1.124669909477233887e+00,4.050956726074218750e+00
1.467310070991516113e+00,2.749046564102172852e+00,-1.834490060806274414e+00,2.185262918472290039e+00,2.052386283874511719e+00
5.265638828277587891e+00,4.689023494720458984e+00,3.453913211822509766e+00,1.229733586311340332e+00,1.331343650817871094e+00
-7.962412387132644653e-02,-7.530981898307800293e-01,7.378710508346557617e-01,-7.617289423942565918e-01,6.353086471557617188e+00
2.902112722396850586e+00,-6.610968708992004395e-02,9.451202154159545898e-01,8.062233924865722656e-01,5.173838138580322266e+00
3.286028861999511719e+00,6.230601072311401367e-01,1.482264995574951172e-01,2.151306867599487305e+00,2.647060871124267578e+00
-9.327632188796997070e-01,-3.070924997329711914e+00,1.019749402999877930e+00,1.287102460861206055e+00,2.947158336639404297e+00
1.713683247566223145e+00,-3.479467153549194336e+00,3.700515270233154297e+00,2.178536653518676758e+00,1.257024884223937988e+00
9.395330548286437988e-01,2.328133106231689453e+00,-1.448988080024719238e+00,7.721650004386901855e-01,2.994695425033569336e+00
-5.243343830108642578e+00,-4.789127409458160400e-01,-2.095189809799194336e+00,-4.267923355102539062e+00,1.651911020278930664e+00
4.801683127880096436e-01,-2.953454732894897461e+00,7.402012348175048828e-01,1.070844054222106934e+00,5.770338535308837891e+00
2.418943643569946289e+00,-1.966333150863647461e+00,3.046333789825439453e+00,1.053653120994567871e+00,3.570815801620483398e+00
4.107007980346679688e+00,-6.200109720230102539e-01,3.923219144344329834e-01,2.440908193588256836e+00,7.174041867256164551e-02
-4.589725494384765625e+00,-1.872364729642868042e-01,-1.457411289215087891e+00,-3.015532970428466797e+00,2.635264158248901367e+00
-1.711745381355285645e+00,1.441716589033603668e-02,1.545169949531555176e+00,-4.941958427429199219e+00,5.604787349700927734e+00
-1.818566203117370605e+00,-1.543642878532409668e+00,1.363440871238708496e+00,3.818056106567382812e+00,4.660183429718017578e+00
-5.792617321014404297e+00,-6.959000229835510254e-02,-1.292909741401672363e+00,-6.750640869140625000e+00,9.872431755065917969e-01
-4.342538356781005859e+00,-1.030970954895019531e+01,3.684103012084960938e+00,-5.485321044921875000e+00,2.898707389831542969e+00
-3.687456607818603516e+00,4.543821811676025391e-01,-2.883904457092285156e+00,-3.726655721664428711e+00,1.417278766632080078e+00
-1.757569789886474609e+00,-2.610649347305297852e+00,2.994959592819213867e+00,7.375850081443786621e-01,5.389046192169189453e+00
-1.839691877365112305e+00,1.880948901176452637e+00,-2.743747472763061523e+00,-7.370060086250305176e-01,1.570144295692443848e+00
-9.613345563411712646e-02,-4.311047077178955078e+00,3.360499382019042969e+00,-8.343384861946105957e-01,2.943912982940673828e+00
-4.589725971221923828e+00,-1.872363239526748657e-01,-1.457412123680114746e+00,-3.015533447265625000e+00,2.635264635086059570e+00
2.149614572525024414e+00,8.551883697509765625e-01,3.777972161769866943e-01,1.434568405151367188e+00,5.049225330352783203e+00
-4.589725494384765625e+00,-1.872361302375793457e-01,-1.457412242889404297e+00,-3.015533208847045898e+00,2.635264635086059570e+00
-4.811606407165527344e+00,-1.632812768220901489e-01,-1.168665170669555664e+00,-4.615043163299560547e+00,1.976116299629211426e+00
-4.811606407165527344e+00,-1.632809042930603027e-01,-1.168665289878845215e+00,-4.615043163299560547e+00,1.976116180419921875e+00
-4.811606407165527344e+00,-1.632818579673767090e-01,-1.168664932250976562e+00,-4.615044593811035156e+00,1.976117253303527832e+00
1.345286250114440918e+00,-4.021759510040283203e+00,1.565446257591247559e+00,-2.660883188247680664e+00,2.415421962738037109e+00
5.120371580123901367e-01,-2.641891002655029297e+00,-5.396949052810668945e-01,-2.595219850540161133e+00,4.232353687286376953e+00
-4.811606407165527344e+00,-1.632812023162841797e-01,-1.168664932250976562e+00,-4.615044116973876953e+00,1.976115584373474121e+00
-3.121644973754882812e+00,5.572379827499389648e-01,-2.442025184631347656e+00,-3.470821857452392578e+00,1.450140714645385742e+00
3.634535968303680420e-01,1.753758668899536133e+00,-1.112489461898803711e+00,-1.296846102923154831e-02,1.684893012046813965e+00
-4.168587684631347656e+00,7.939379662275314331e-02,-1.691087484359741211e+00,-3.565914154052734375e+00,1.949346065521240234e+00
-4.589725971221923828e+00,-1.872365474700927734e-01,-1.457410812377929688e+00,-3.015533208847045898e+00,2.635263204574584961e+00
5.753408432006835938e+00,4.448061943054199219e+00,3.779137134552001953e+00,1.048110842704772949e+00,1.352731108665466309e+00
-4.811608314514160156e+00,-1.632813513278961182e-01,-1.168664574623107910e+00,-4.615042686462402344e+00,1.976116538047790527e+00
-2.564377546310424805e+00,5.440481305122375488e-01,-1.517718195915222168e+00,-2.148127079010009766e+00,3.760991334915161133e+00
-4.811605930328369141e+00,-1.632821857929229736e-01,-1.168665647506713867e+00,-4.615042209625244141e+00,1.976117134094238281e+00
-3.505776405334472656e+00,2.818248867988586426e-01,-2.463419198989868164e+00,-2.694430828094482422e+00,1.665436148643493652e+00
-3.742831230163574219e+00,7.806096076965332031e-01,-2.047484397888183594e+00,-3.028626441955566406e+00,2.311977386474609375e+00
-4.589725494384765625e+00,-1.872373521327972412e-01,-1.457411408424377441e+00,-3.015533447265625000e+00,2.635263442993164062e+00
-4.589725494384765625e+00,-1.872369498014450073e-01,-1.457411527633666992e+00,-3.015532970428466797e+00,2.635264873504638672e+00
-5.256090164184570312e+00,-5.396942496299743652e-01,-2.652445793151855469e+00,-4.147088050842285156e+00,1.949351072311401367e+00
5.265639305114746094e+00,4.689023494720458984e+00,3.453912973403930664e+00,1.229734301567077637e+00,1.331344008445739746e+00
-4.517414093017578125e+00,-6.484827995300292969e-01,-1.659326910972595215e+00,-3.420508623123168945e+00,2.845718622207641602e+00
-5.243344306945800781e+00,-4.789119958877563477e-01,-2.095188617706298828e+00,-4.267922878265380859e+00,1.651911854743957520e+00
-3.742833375930786133e+00,7.806102037429809570e-01,-2.047483444213867188e+00,-3.028625488281250000e+00,2.311976432800292969e+00
-3.891242504119873047e+00,1.869360208511352539e+00,-1.120902448892593384e-01,-6.155059814453125000e+00,5.338362455368041992e-01
-1.516357898712158203e+00,-2.657900571823120117e+00,9.592086076736450195e-01,1.356225609779357910e+00,3.075051546096801758e+00
-4.757566452026367188e+00,-5.687875747680664062e-01,-1.034647226333618164e+00,-4.843289375305175781e+00,2.089354276657104492e+00
2.037014484405517578e+00,1.895564913749694824e+00,-7.218656539916992188e-01,2.215167284011840820e+00,2.472371339797973633e+00
-4.492065429687500000e+00,-1.195104122161865234e+01,4.352489471435546875e+00,-6.551130771636962891e+00,2.442335605621337891e+00
2.449976444244384766e+00,1.430751562118530273e+00,4.539581537246704102e-01,2.190001487731933594e+00,3.515390157699584961e+00
-5.216753005981445312e+00,-9.981785714626312256e-02,-2.590669870376586914e+00,-4.104321956634521484e+00,1.810538887977600098e+00
-4.726559638977050781e+00,8.643776923418045044e-02,-1.621683239936828613e+00,-4.972220897674560547e+00,1.325989842414855957e+00
-3.621619224548339844e+00,5.235707759857177734e-01,-1.814028978347778320e+00,-3.700932979583740234e+00,1.500724077224731445e+00
-4.811607837677001953e+00,-1.632801145315170288e-01,-1.168665170669555664e+00,-4.615043163299560547e+00,1.976117014884948730e+00
5.753408432006835938e+00,4.448062419891357422e+00,3.779137372970581055e+00,1.048110485076904297e+00,1.352730751037597656e+00
3.137397468090057373e-01,-9.805692434310913086e-01,-9.038958549499511719e-01,1.658215880393981934e+00,4.267560958862304688e+00
-4.811606407165527344e+00,-1.632806956768035889e-01,-1.168665170669555664e+00,-4.615043640136718750e+00,1.976116895675659180e+00
-1.307541966438293457e+00,-3.235640525817871094e+00,1.542270779609680176e+00,1.284416913986206055e+00,3.048139810562133789e+00
-4.811607360839843750e+00,-1.632809937000274658e-01,-1.168664693832397461e+00,-4.615042209625244141e+00,1.976116776466369629e+00
-4.295825958251953125e+00,-1.081861686706542969e+01,4.449134349822998047e+00,-5.971975326538085938e+00,2.768191099166870117e+00
-4.492066383361816406e+00,-1.195104122161865234e+01,4.352489471435546875e+00,-6.551130294799804688e+00,2.442336082458496094e+00
-1.287387609481811523e+00,-3.076974391937255859e+00,1.535171627998352051e+00,1.537878632545471191e+00,3.172739744186401367e+00
5.265639305114746094e+00,4.689023017883300781e+00,3.453912973403930664e+00,1.229733943939208984e+00,1.331343293190002441e+00
-4.029893875122070312e+00,6.637217998504638672e-01,-2.290613412857055664e+00,-5.072487831115722656e+00,1.242281913757324219e+00
-3.347509622573852539e+00,2.472728192806243896e-01,-1.907936453819274902e+00,-2.911757946014404297e+00,1.671116590499877930e+00
-1.004058346152305603e-01,1.635644435882568359e+00,-1.977558732032775879e+00,1.100128650665283203e+00,4.778150081634521484e+00
-1.272630929946899414e+00,-3.356930255889892578e+00,1.405320405960083008e+00,1.018169879913330078e+00,3.004953861236572266e+00
-3.505777120590209961e+00,2.818255722522735596e-01,-2.463418960571289062e+00,-2.694429874420166016e+00,1.665434837341308594e+00
-4.589725494384765625e+00,-1.872360110282897949e-01,-1.457411170005798340e+00,-3.015532970428466797e+00,2.635262489318847656e+00
5.674545764923095703e+00,5.221487998962402344e+00,3.799423456192016602e+00,8.627230525016784668e-01,1.117336630821228027e+00
-4.475990772247314453e+00,-1.143254470825195312e+01,4.355040550231933594e+00,-6.033149719238281250e+00,2.630399465560913086e+00
1.195977926254272461e+00,7.008767127990722656e-01,-1.641746520996093750e+00,2.397132873535156250e+00,2.618671894073486328e+00
1.731556773185729980e+00,-1.176875472068786621e+00,-1.653250575065612793e+00,1.188543677330017090e+00,5.215582847595214844e+00
-1.739214301109313965e+00,-6.271110177040100098e-01,-6.466382145881652832e-01,5.212156176567077637e-01,6.295670032501220703e+00
5.921467781066894531e+00,4.711291313171386719e+00,4.654520988464355469e+00,3.491324782371520996e-01,1.303787231445312500e+00
1.486056089401245117e+00,1.095942020416259766e+00,-1.798275470733642578e+00,2.211416482925415039e+00,2.532743215560913086e+00
5.753407478332519531e+00,4.448061943054199219e+00,3.779137372970581055e+00,1.048110723495483398e+00,1.352730154991149902e+00
-1.671259641647338867e+00,7.080514430999755859e-01,-2.896246671676635742e+00,-1.381693363189697266e+00,1.825087904930114746e+00
5.265639305114746094e+00,4.689022064208984375e+00,3.453912734985351562e+00,1.229733586311340332e+00,1.331342220306396484e+00
5.674546241760253906e+00,5.221487522125244141e+00,3.799424409866333008e+00,8.627234697341918945e-01,1.117336750030517578e+00
-1.693571507930755615e-01,-4.939167499542236328e+00,3.502648591995239258e+00,-1.022757053375244141e+00,2.566517353057861328e+00
-1.172193288803100586e+00,-2.964548394083976746e-02,-9.717813134193420410e-02,3.208702430129051208e-02,6.318335056304931641e+00
5.694791674613952637e-01,4.900170862674713135e-02,-8.619547486305236816e-01,2.930920839309692383e+00,2.791337251663208008e+00
-1.739214301109313965e+00,-6.271100640296936035e-01,-6.466384530067443848e-01,5.212159156799316406e-01,6.295669555664062500e+00
5.265638351440429688e+00,4.689023494720458984e+00,3.453913927078247070e+00,1.229734420776367188e+00,1.331342697143554688e+00
1.923458337783813477e+00,-1.371208667755126953e+00,1.741837024688720703e+00,2.197194099426269531e+00,3.206292152404785156e+00
5.265639305114746094e+00,4.689022064208984375e+00,3.453912496566772461e+00,1.229733943939208984e+00,1.331343412399291992e+00
-1.981405377388000488e+00,2.260321006178855896e-02,-9.998281002044677734e-01,1.622305661439895630e-01,5.127137660980224609e+00
-1.545621156692504883e+00,-5.785600543022155762e-01,-8.011031150817871094e-01,5.368907451629638672e-01,6.360950469970703125e+00
5.753407955169677734e+00,4.448062896728515625e+00,3.779137611389160156e+00,1.048111081123352051e+00,1.352730989456176758e+00
2.193888425827026367e+00,3.766628801822662354e-01,-2.023092746734619141e+00,-1.643169760704040527e+00,-7.170522809028625488e-01
6.997107982635498047e+00,3.024442434310913086e+00,6.045088768005371094e+00,-2.600149631500244141e+00,-2.576549768447875977e+00
-7.184341549873352051e-02,3.437798023223876953e+00,-4.230109214782714844e+00,-1.838793158531188965e+00,-1.614689826965332031e+00
3.190577507019042969e+00,4.458329975605010986e-01,-3.616542100906372070e+00,-1.027478575706481934e+00,-1.647628307342529297e+00
1.962442040443420410e+00,7.137905955314636230e-01,-3.525246143341064453e+00,-2.633613824844360352e+00,7.816274166107177734e-01
1.988819599151611328e+00,2.149983406066894531e+00,-3.702860355377197266e+00,9.812165498733520508e-01,2.863491177558898926e-01
4.576595306396484375e+00,-9.157465696334838867e-01,-3.879216909408569336e+00,7.127114534378051758e-01,-9.760286211967468262e-01
3.045357465744018555e+00,-4.545931145548820496e-02,-5.118108749389648438e+00,-7.409291267395019531e-01,-1.765451729297637939e-01
7.775906324386596680e-01,7.892423123121261597e-02,-3.536267042160034180e+00,-3.379333019256591797e+00,-3.421840429306030273e+00
5.638291835784912109e+00,-1.838099837303161621e+00,-3.560816287994384766e+00,-1.417055487632751465e+00,-2.562818050384521484e+00
-6.464639306068420410e-01,3.662133932113647461e+00,-3.439618825912475586e+00,-3.457898139953613281e+00,-1.619652271270751953e+00
1.749563336372375488e+00,-2.143048763275146484e+00,-3.104694128036499023e+00,-5.572623252868652344e+00,-5.717432126402854919e-02
2.481715440750122070e+00,-1.722491145133972168e+00,-3.798418045043945312e+00,-9.781472682952880859e-01,-2.082549333572387695e+00
3.603015899658203125e+00,1.928952038288116455e-01,-4.102600574493408203e+00,-6.570321973413228989e-03,-2.519781589508056641e+00
1.895109891891479492e+00,-4.463923931121826172e+00,-2.377313852310180664e+00,-2.919116973876953125e+00,-1.485737562179565430e+00
2.601663589477539062e+00,-2.242363929748535156e+00,-1.157106637954711914e+00,-1.047855734825134277e+00,-1.781879305839538574e+00
2.321449279785156250e+00,9.528746008872985840e-01,6.250075101852416992e-01,-6.700782299041748047e+00,2.421221137046813965e-02
1.658758878707885742e+00,-9.923982620239257812e-01,-2.785458326339721680e+00,-5.044802188873291016e+00,-1.757284045219421387e+00
-7.114855200052261353e-02,3.533640384674072266e+00,-4.483360290527343750e+00,-2.323649883270263672e+00,-2.329742431640625000e+00
3.276277065277099609e+00,9.917470216751098633e-01,-1.997836589813232422e+00,-1.687773108482360840e+00,-2.502928256988525391e+00
7.775909900665283203e-01,7.892321795225143433e-02,-3.536268472671508789e+00,-3.379332542419433594e+00,-3.421841144561767578e+00
1.158133447170257568e-01,3.478160142898559570e+00,-3.384145975112915039e+00,-2.353946447372436523e+00,-1.673455238342285156e+00
1.620252609252929688e+00,1.477290987968444824e+00,-3.728656530380249023e+00,8.021755218505859375e-01,-2.380546092987060547e+00
2.359145641326904297e+00,-7.339833378791809082e-01,-3.038710117340087891e+00,-3.637898445129394531e+00,-1.795428872108459473e+00
2.513187170028686523e+00,-1.886068261228501797e-03,-3.998504400253295898e+00,3.221611976623535156e-01,7.323663830757141113e-01
2.179731130599975586e+00,6.842315196990966797e-01,-2.823698759078979492e+00,-1.933884739875793457e+00,2.136865258216857910e-01
2.702025175094604492e+00,-1.293819427490234375e+00,4.374268352985382080e-01,-2.376298427581787109e+00,-5.667107105255126953e+00
4.110612869262695312e+00,1.840039610862731934e+00,1.195164680480957031e+00,-2.028893232345581055e+00,-1.426567792892456055e+00
3.276274442672729492e+00,9.917424917221069336e-01,-1.997831821441650391e+00,-1.687770485877990723e+00,-2.502939939498901367e+00
1.895110607147216797e+00,-4.463923931121826172e+00,-2.377314329147338867e+00,-2.919116973876953125e+00,-1.485737085342407227e+00
-2.294862270355224609e+00,-4.036121368408203125e+00,-1.836044788360595703e+00,-7.089985370635986328e+00,-6.039321899414062500e+00
4.380596637725830078e+00,3.102143764495849609e+00,3.538872957229614258e+00,-3.968505144119262695e+00,-3.054160594940185547e+00
2.398413181304931641e+00,4.464208185672760010e-01,-2.398345470428466797e+00,-3.921621084213256836e+00,4.807518720626831055e-01
3.514965534210205078e+00,1.708156168460845947e-01,-4.621077060699462891e+00,2.039619535207748413e-01,-1.688853859901428223e+00
1.439252138137817383e+00,4.543372690677642822e-01,-3.242818832397460938e+00,-1.560014724731445312e+00,2.953157760202884674e-02
4.484328269958496094e+00,-4.693042337894439697e-01,-4.197979450225830078e+00,7.108883857727050781e-01,-7.542737722396850586e-01
4.108037948608398438e+00,4.928432941436767578e+00,3.375807523727416992e+00,-4.795156478881835938e+00,-1.865557074546813965e+00
-1.099870204925537109e+00,2.347695827484130859e+00,-3.606815099716186523e+00,-2.796041965484619141e+00,-2.254264831542968750e+00
2.762349322438240051e-05,3.265985250473022461e+00,-3.663459777832031250e+00,-3.203068733215332031e+00,-2.134157896041870117e+00
3.402321100234985352e+00,-3.292495489120483398e+00,-1.178435206413269043e+00,-1.366335988044738770e+00,-3.875802993774414062e+00
-2.941238284111022949e-01,3.490993022918701172e+00,-4.124101638793945312e+00,-1.903945207595825195e+00,-1.458950042724609375e+00
3.149060964584350586e+00,9.444087147712707520e-01,-3.856363534927368164e+00,-1.310613274574279785e+00,-1.000080108642578125e+00
2.654917240142822266e+00,1.338040471076965332e+00,-3.463324069976806641e+00,-1.747371554374694824e+00,7.219515442848205566e-01
1.449526786804199219e+00,2.638835668563842773e+00,-4.528558731079101562e+00,-1.121690869331359863e+00,-1.921477556228637695e+00
3.827000617980957031e+00,-5.048812925815582275e-02,-2.467941761016845703e+00,-3.102149367332458496e-01,-6.576174497604370117e-01
3.680796623229980469e+00,3.127986431121826172e+00,4.891375452280044556e-02,9.118800163269042969e-01,-3.585796356201171875e+00
1.158133819699287415e-01,3.478161096572875977e+00,-3.384145498275756836e+00,-2.353947639465332031e+00,-1.673455357551574707e+00
-6.597892642021179199e-01,2.780027866363525391e+00,-3.159506559371948242e+00,-5.453980922698974609e+00,-2.214321613311767578e+00
1.260414242744445801e+00,2.794357061386108398e+00,-2.196930170059204102e+00,-6.230269074440002441e-01,-5.683732777833938599e-02
3.402325391769409180e+00,-3.292492389678955078e+00,-1.178438544273376465e+00,-1.366340398788452148e+00,-3.875805139541625977e+00
2.322506904602050781e+00,7.028495073318481445e-01,-2.255013465881347656e+00,-1.886218905448913574e+00,-9.378820657730102539e-01
2.574052095413208008e+00,1.194241523742675781e+00,-4.585871219635009766e+00,-5.714500546455383301e-01,-2.246391773223876953e+00
-3.937636911869049072e-01,-1.958086639642715454e-01,-9.329687803983688354e-02,1.790124893188476562e+00,1.002030014991760254e+00
2.494030475616455078e+00,8.823572993278503418e-01,-3.932184934616088867e+00,1.429824471473693848e+00,4.948708117008209229e-01
3.768711686134338379e-01,3.589144229888916016e+00,-3.709507465362548828e+00,-2.816542148590087891e+00,-1.238521218299865723e+00
2.357486486434936523e-01,3.640914678573608398e+00,-4.228558540344238281e+00,-1.760975599288940430e+00,-9.786970019340515137e-01
2.325131893157958984e+00,4.767042100429534912e-01,-2.174802303314208984e+00,-1.579096436500549316e+00,-1.899274706840515137e+00
2.259378910064697266e+00,-3.721425533294677734e-01,-3.352950096130371094e+00,-2.694141149520874023e+00,-1.276984453201293945e+00
-1.216966509819030762e+00,2.296487331390380859e+00,3.976638019084930420e-01,-3.122379064559936523e+00,9.255006909370422363e-01
-4.317993223667144775e-01,4.704916477203369141e+00,2.814119338989257812e+00,-9.812436103820800781e+00,-1.258549928665161133e+00
2.699035644531250000e+00,-1.280641555786132812e-01,-4.435982227325439453e+00,-6.723029017448425293e-01,-3.422362804412841797e+00
2.820926189422607422e+00,3.325029373168945312e+00,-7.644283175468444824e-01,1.582310795783996582e+00,-1.007451415061950684e+00
2.692663110792636871e-05,3.265984535217285156e+00,-3.663459777832031250e+00,-3.203069686889648438e+00,-2.134157419204711914e+00
1.603400826454162598e+00,1.238715946674346924e-01,-4.078053951263427734e+00,-1.767519950866699219e+00,-3.151832818984985352e+00
2.601662158966064453e+00,-2.242366552352905273e+00,-1.157103657722473145e+00,-1.047855615615844727e+00,-1.781889915466308594e+00
-1.162421345710754395e+00,1.264096260070800781e+00,-1.100742816925048828e+00,-3.004118442535400391e+00,-2.874001979827880859e+00
2.009761810302734375e+00,1.684781074523925781e+00,-3.674197912216186523e+00,-7.334927320480346680e-01,1.202901959419250488e+00
4.067658901214599609e+00,-6.141060590744018555e-02,-4.237631797790527344e+00,4.871192872524261475e-01,-8.065375089645385742e-01
3.798876285552978516e+00,2.930589675903320312e+00,-3.931863009929656982e-01,1.623247027397155762e+00,-1.581970572471618652e+00
8.160304069519042969e+00,-4.504689216613769531e+00,-1.688057065010070801e+00,-5.585659503936767578e+00,-4.502447605133056641e+00
2.160834223031997681e-01,4.033769130706787109e+00,-3.892096519470214844e+00,-3.183968782424926758e+00,-2.088336706161499023e+00
3.863192319869995117e+00,-5.242008566856384277e-01,-3.595469951629638672e+00,6.623305678367614746e-01,-2.808742761611938477e+00
2.357498258352279663e-01,3.640914678573608398e+00,-4.228557109832763672e+00,-1.760976076126098633e+00,-9.786961078643798828e-01
-1.147264540195465088e-01,3.534622907638549805e+00,-3.605773925781250000e+00,-2.680566787719726562e+00,-2.978713035583496094e+00
2.357479631900787354e-01,3.640915155410766602e+00,-4.228558540344238281e+00,-1.760974407196044922e+00,-9.786977171897888184e-01
3.233674287796020508e+00,4.251436591148376465e-01,-1.928320169448852539e+00,-1.878369808197021484e+00,-1.090266108512878418e+00
3.397986888885498047e+00,2.225069284439086914e+00,1.736177206039428711e-01,-3.311253786087036133e+00,1.078335121273994446e-01
3.863193750381469727e+00,-5.241971611976623535e-01,-3.595471143722534180e+00,6.623295545578002930e-01,-2.808742046356201172e+00
3.768708109855651855e-01,3.589143514633178711e+00,-3.709507703781127930e+00,-2.816541671752929688e+00,-1.238519906997680664e+00
4.127510070800781250e+00,-7.947122454643249512e-01,-4.097239494323730469e+00,2.208209633827209473e-01,-7.893551588058471680e-01
1.959858775138854980e+00,4.077765345573425293e-01,-3.368210315704345703e+00,1.069387793540954590e+00,-2.478191375732421875e+00
1.382490873336791992e+00,2.817913293838500977e+00,-5.029494285583496094e+00,-3.804633617401123047e+00,-1.801535248756408691e+00
-9.795204401016235352e-01,1.862743258476257324e+00,-3.199936151504516602e+00,-3.688218832015991211e+00,-5.603672981262207031e+00
2.325135231018066406e+00,4.767079055309295654e-01,-2.174805402755737305e+00,-1.579097151756286621e+00,-1.899242401123046875e+00
2.325134277343750000e+00,4.767050743103027344e-01,-2.174804687500000000e+00,-1.579095840454101562e+00,-1.899262428283691406e+00
9.364917278289794922e-01,1.751586318016052246e+00,-2.933574199676513672e+00,1.536619812250137329e-01,-8.120332360267639160e-01
4.720081806182861328e+00,-5.771300315856933594e+00,-2.711817026138305664e+00,-9.411508560180664062e+00,-2.933556795120239258e+00
2.322506427764892578e+00,7.028503417968750000e-01,-2.255012035369873047e+00,-1.886215209960937500e+00,-9.378414750099182129e-01
2.601664066314697266e+00,-2.242370605468750000e+00,-1.157102227210998535e+00,-1.047853469848632812e+00,-1.781889319419860840e+00
-3.396905064582824707e-01,2.772195816040039062e+00,-2.182217359542846680e+00,-2.964947223663330078e+00,-1.100992262363433838e-01
1.285868883132934570e+00,-8.952106237411499023e-01,7.081279158592224121e-01,-6.011263728141784668e-01,-1.225450411438941956e-01
3.495287418365478516e+00,1.006545782089233398e+00,-1.448683023452758789e+00,2.357466697692871094e+00,-2.751700878143310547e+00
-2.396587848663330078e+00,-1.904647350311279297e+00,-1.593680381774902344e+00,-8.532439231872558594e+00,-6.844299316406250000e+00
2.625829219818115234e+00,-1.246626496315002441e+00,-1.139397382736206055e+00,-5.844363689422607422e+00,-9.941640496253967285e-01
3.768701553344726562e-01,3.589144468307495117e+00,-3.709507942199707031e+00,-2.816542625427246094e+00,-1.238519310951232910e+00
2.625829219818115234e+00,-1.246626257896423340e+00,-1.139397501945495605e+00,-5.844363689422607422e+00,-9.941631555557250977e-01
2.555916309356689453e+00,-1.254637241363525391e-01,-2.061105489730834961e+00,-2.670935153961181641e+00,7.122968435287475586e-01
3.768689036369323730e-01,3.589143037796020508e+00,-3.709506273269653320e+00,-2.816540479660034180e+00,-1.238520026206970215e+00
2.191505908966064453e+00,-6.526767015457153320e-01,-1.731212019920349121e+00,-5.201786518096923828e+00,-2.034722805023193359e+00
2.148383378982543945e+00,4.917798042297363281e-01,-3.749694824218750000e+00,2.857549190521240234e-01,5.159319639205932617e-01
-4.314853191375732422e+00,-3.541600704193115234e+00,2.937760114669799805e+00,2.447205543518066406e+00,-1.685393691062927246e+00
-1.446676969528198242e+00,4.181998252868652344e+00,-2.109452009201049805e+00,2.205663919448852539e+00,1.645611166954040527e+00
-1.805171251296997070e+00,3.640212059020996094e+00,8.140134811401367188e-01,3.457023620605468750e+00,3.069312274456024170e-01
-4.526232369244098663e-03,5.658032894134521484e+00,2.614412546157836914e+00,1.479171365499496460e-01,5.747765302658081055e-01
-7.692794799804687500e-01,3.389943599700927734e+00,1.295060157775878906e+00,3.531255483627319336e+00,7.800907492637634277e-01
-3.465582132339477539e+00,-1.518339514732360840e+00,1.460175991058349609e+00,3.650344610214233398e+00,-2.440772056579589844e+00
-4.137818217277526855e-01,4.506055116653442383e-01,-9.439416527748107910e-01,4.954951286315917969e+00,-1.198234677314758301e+00
-2.882819652557373047e+00,2.920919895172119141e+00,1.145925164222717285e+00,3.019688367843627930e+00,-1.673854708671569824e+00
-1.828445196151733398e+00,-1.214028149843215942e-01,8.893071413040161133e-01,4.296372413635253906e+00,-8.263694643974304199e-01
-4.458645820617675781e+00,-3.494912862777709961e+00,2.569366455078125000e+00,2.350154876708984375e+00,-1.551926136016845703e+00
-3.549516677856445312e+00,-6.427787303924560547e+00,6.284091472625732422e+00,-5.150409936904907227e-01,-4.418127059936523438e+00
-4.491385936737060547e+00,-3.608460426330566406e+00,2.711224794387817383e+00,2.474004030227661133e+00,-1.453499197959899902e+00
-4.435942649841308594e+00,-3.459916114807128906e+00,2.766946315765380859e+00,2.818945407867431641e+00,-1.202112793922424316e+00
-2.374987125396728516e+00,1.909627318382263184e-01,1.166999340057373047e+00,3.770794630050659180e+00,-1.350556254386901855e+00
-4.020932674407958984e+00,-4.703549861907958984e+00,2.814091205596923828e+00,1.421443939208984375e+00,-2.252324819564819336e+00
-4.636191844940185547e+00,-4.052381992340087891e+00,3.087018966674804688e+00,2.137630224227905273e+00,-1.801232457160949707e+00
-4.777458608150482178e-01,6.343672752380371094e+00,3.666991710662841797e+00,-9.699083566665649414e-01,-8.232005834579467773e-01
-1.828444957733154297e+00,-1.214018240571022034e-01,8.893070816993713379e-01,4.296372890472412109e+00,-8.263708353042602539e-01
-4.676258563995361328e+00,-1.776635766029357910e+00,1.298470139503479004e+00,2.323792457580566406e+00,-8.046979308128356934e-01
2.560599088668823242e+00,3.861387014389038086e+00,2.366738796234130859e+00,1.996189832687377930e+00,3.091680109500885010e-01
-1.359468102455139160e+00,-9.055197834968566895e-01,1.259074449539184570e+00,4.214717864990234375e+00,-1.399570584297180176e+00
-7.821075916290283203e-01,3.485819697380065918e-01,1.300394177436828613e+00,4.596130549907684326e-01,-4.345291137695312500e+00
-3.322934150695800781e+00,-1.596917510032653809e+00,1.869527816772460938e+00,3.404556512832641602e+00,-2.633730173110961914e+00
-1.979904890060424805e+00,-2.569691419601440430e+00,2.312080860137939453e+00,2.731144189834594727e+00,-3.117726087570190430e+00
-1.967560052871704102e+00,-3.264205932617187500e+00,1.956336021423339844e+00,2.533401250839233398e+00,-2.571647405624389648e+00
-1.065975189208984375e+00,-1.579184412956237793e+00,1.628908157348632812e+00,3.582127571105957031e+00,-1.921489715576171875e+00
-1.683654189109802246e+00,2.351515144109725952e-01,4.125549197196960449e-01,5.356724739074707031e+00,-1.719864845275878906e+00
-5.133532285690307617e-01,-2.601917982101440430e+00,3.631893396377563477e+00,2.163646459579467773e+00,-3.562227487564086914e+00
-5.133519768714904785e-01,-2.601917982101440430e+00,3.631891965866088867e+00,2.163645982742309570e+00,-3.562228679656982422e+00
-5.133516788482666016e-01,-2.601917266845703125e+00,3.631893157958984375e+00,2.163646221160888672e+00,-3.562228202819824219e+00
-5.133516192436218262e-01,-2.601917266845703125e+00,3.631891965866088867e+00,2.163645982742309570e+00,-3.562228918075561523e+00
-5.073486804962158203e+00,4.077064394950866699e-01,6.570713520050048828e+00,-6.255835533142089844e+00,-6.275217533111572266e+00
-4.648302555084228516e+00,8.746858239173889160e-01,1.190068006515502930e+00,3.394910097122192383e+00,1.851467967033386230e+00
-1.815065383911132812e+00,-3.082264423370361328e+00,2.370293140411376953e+00,2.388782501220703125e+00,-2.804967641830444336e+00
-5.133501291275024414e-01,-2.601917028427124023e+00,3.631890773773193359e+00,2.163645029067993164e+00,-3.562229394912719727e+00
-2.862101495265960693e-01,-2.380399227142333984e+00,4.280565738677978516e+00,1.739252448081970215e+00,-3.606864452362060547e+00
-5.133494734764099121e-01,-2.601917743682861328e+00,3.631891250610351562e+00,2.163645029067993164e+00,-3.562229394912719727e+00
-3.460390567779541016e+00,2.318024873733520508e+00,7.282366752624511719e-01,3.707780838012695312e+00,9.432814083993434906e-03
-7.112140655517578125e-01,-1.933540999889373779e-01,3.984317064285278320e+00,1.284202337265014648e+00,-1.438465833663940430e+00
-1.461477518081665039e+00,-1.770807504653930664e+00,4.091645240783691406e+00,2.153479814529418945e+00,-4.300169944763183594e+00
-2.038163423538208008e+00,2.014097690582275391e+00,4.009196907281875610e-02,4.407034873962402344e+00,-1.182804346084594727e+00
-2.862100899219512939e-01,-2.380399703979492188e+00,4.280565738677978516e+00,1.739253044128417969e+00,-3.606864213943481445e+00
-2.862089872360229492e-01,-2.380398750305175781e+00,4.280565261840820312e+00,1.739251613616943359e+00,-3.606865406036376953e+00
-2.862083613872528076e-01,-2.380398988723754883e+00,4.280564785003662109e+00,1.739251255989074707e+00,-3.606865406036376953e+00
-2.862095236778259277e-01,-2.380398035049438477e+00,4.280565261840820312e+00,1.739252328872680664e+00,-3.606864452362060547e+00
-1.835441112518310547e+00,2.160860538482666016e+00,-6.211937963962554932e-02,4.623540401458740234e+00,-5.045582652091979980e-01
-4.074703693389892578e+00,-4.790114879608154297e+00,9.324933886528015137e-01,1.861796021461486816e+00,-1.679530858993530273e+00
-8.256462097167968750e+00,4.552641868591308594e+00,3.319459676742553711e+00,-7.709383487701416016e+00,-7.425537109375000000e+00
-4.244517326354980469e+00,-5.359444618225097656e-01,2.765955924987792969e-01,3.330228567123413086e+00,9.556113928556442261e-02
-2.663278579711914062e+00,-4.412403404712677002e-01,4.080370426177978516e+00,9.009253382682800293e-01,-4.696879386901855469e+00
-3.995064020156860352e+00,1.757238626480102539e+00,1.567883133888244629e+00,3.598847866058349609e+00,-8.922230601310729980e-01
5.695219039916992188e-01,3.788375377655029297e+00,-1.446033120155334473e+00,2.477680921554565430e+00,1.645190834999084473e+00
-1.911691069602966309e+00,-1.935152649879455566e+00,-1.188464164733886719e+00,4.429508209228515625e+00,-1.026614546775817871e+00
-2.595970153808593750e+00,2.127193212509155273e+00,1.342233657836914062e+00,3.454667806625366211e+00,-1.245019435882568359e+00
-6.262713432312011719e+00,4.140139579772949219e+00,7.574797272682189941e-01,-8.738320469856262207e-01,-2.323281288146972656e+00
-2.219681262969970703e+00,3.489300727844238281e+00,1.387858510017395020e+00,3.284688472747802734e+00,7.570963501930236816e-01
-4.959454059600830078e+00,2.485483646392822266e+00,4.312627911567687988e-01,1.366712808609008789e+00,-6.931792497634887695e-01
-4.959454536437988281e+00,2.485484123229980469e+00,4.312624335289001465e-01,1.366712927818298340e+00,-6.931793093681335449e-01
-2.822396993637084961e+00,-2.219177246093750000e+00,1.497032761573791504e+00,2.885021448135375977e+00,-2.257695674896240234e+00
-4.296981811523437500e+00,4.559591785073280334e-02,9.697794914245605469e-01,2.256023406982421875e+00,-1.446815848350524902e+00
-6.409363269805908203e+00,4.385313034057617188e+00,1.880977392196655273e+00,-2.918210506439208984e+00,-3.755383729934692383e+00
-1.204272150993347168e+00,2.330539464950561523e+00,5.881800651550292969e-01,3.327393770217895508e+00,2.530312538146972656e-01
-3.126983642578125000e+00,-2.611438930034637451e-01,1.563947796821594238e+00,2.273388624191284180e+00,-1.978753805160522461e+00
-3.694885492324829102e+00,1.116786003112792969e+00,2.185560703277587891e+00,2.901222944259643555e+00,-2.109315395355224609e+00
-6.351258754730224609e-01,-3.099586367607116699e-01,2.135371118783950806e-01,2.169220447540283203e+00,1.210020780563354492e+00
-3.633074045181274414e+00,1.508149147033691406e+00,2.522424221038818359e+00,3.167129278182983398e+00,-9.132953286170959473e-01
-2.744031667709350586e+00,1.737664222717285156e+00,9.428694248199462891e-01,4.533759117126464844e+00,1.554329097270965576e-01
-3.784284830093383789e+00,-6.524601578712463379e-01,6.094272136688232422e-01,2.101045608520507812e+00,-2.733616590499877930e+00
-1.548574686050415039e+00,1.024415850639343262e+00,4.345599934458732605e-02,4.730996131896972656e+00,-2.212932825088500977e+00
-2.425290107727050781e+00,2.858309268951416016e+00,1.693698883056640625e+00,2.920832633972167969e+00,8.058769106864929199e-01
-4.062122344970703125e+00,-2.023004293441772461e+00,3.321159362792968750e+00,5.360809564590454102e-01,-1.744248747825622559e+00
2.855957485735416412e-02,3.614698648452758789e+00,7.279959917068481445e-01,3.813804388046264648e+00,3.224834799766540527e-01
-2.120868206024169922e+00,3.404421806335449219e-01,3.991726040840148926e-01,3.668536424636840820e+00,-1.060668349266052246e+00
-3.620124340057373047e+00,-2.950097322463989258e-01,-3.569983720779418945e+00,-2.654685258865356445e+00,-2.922661781311035156e+00
-2.572327136993408203e+00,2.154019117355346680e+00,-1.238496080040931702e-01,4.356599330902099609e+00,4.272691160440444946e-02
-3.787285327911376953e+00,-3.405483365058898926e-01,-3.813894033432006836e+00,-2.862269163131713867e+00,-2.896758317947387695e+00
-3.333138704299926758e+00,-2.250045686960220337e-01,1.113366961479187012e+00,2.866136074066162109e+00,-1.263556003570556641e+00
-7.499745845794677734e+00,4.450335502624511719e+00,2.693225383758544922e+00,-4.356864452362060547e+00,-4.683744907379150391e+00
-6.810490608215332031e+00,5.412308216094970703e+00,1.049394249916076660e+00,-4.233726978302001953e+00,-5.489628791809082031e+00
-4.215343952178955078e+00,3.723132610321044922e-01,2.789622068405151367e+00,1.805036425590515137e+00,-1.393260836601257324e+00
-3.391025304794311523e+00,-1.891025424003601074e+00,1.457769751548767090e+00,1.873901844024658203e+00,-1.833469152450561523e+00
-4.221143722534179688e+00,-4.440108299255371094e+00,2.117300748825073242e+00,-8.429165482521057129e-01,-3.777143955230712891e+00
-3.007191896438598633e+00,-1.230602979660034180e+00,1.456857323646545410e+00,1.896574616432189941e+00,-1.495526671409606934e+00
-3.007191658020019531e+00,-1.230602860450744629e+00,1.456856846809387207e+00,1.896574616432189941e+00,-1.495526790618896484e+00
-3.642678737640380859e+00,3.127656221389770508e+00,-1.224433779716491699e-01,2.305662393569946289e+00,-1.073452115058898926e+00
-3.007192134857177734e+00,-1.230603218078613281e+00,1.456856727600097656e+00,1.896574378013610840e+00,-1.495526790618896484e+00
-2.593237161636352539e+00,-1.661356091499328613e+00,1.429523348808288574e+00,3.467077493667602539e+00,-1.800461411476135254e+00
-3.793756723403930664e+00,2.723836421966552734e+00,-7.329751551151275635e-02,2.005456447601318359e+00,-1.187309622764587402e+00
-2.186635255813598633e+00,2.278332114219665527e-01,1.003479599952697754e+00,3.858730316162109375e+00,-1.429857134819030762e+00
-3.503264188766479492e+00,3.390057563781738281e+00,9.420352578163146973e-01,2.511750936508178711e+00,-1.768814682960510254e+00
-2.465842247009277344e+00,3.865851879119873047e+00,1.712871789932250977e+00,1.709857106208801270e+00,-1.913792371749877930e+00
-2.885975599288940430e+00,4.253997802734375000e+00,-3.018263578414916992e-01,3.131598711013793945e+00,2.792121648788452148e+00
-1.065975308418273926e+00,-1.579185009002685547e+00,1.628907799720764160e+00,3.582127332687377930e+00,-1.921490073204040527e+00
-4.184725284576416016e+00,1.503243803977966309e+00,1.545748353004455566e+00,3.795607805252075195e+00,-2.164189070463180542e-01
-3.793447971343994141e+00,1.004561424255371094e+00,9.474784135818481445e-01,3.386980056762695312e+00,-2.809928357601165771e-01
-3.132902085781097412e-01,1.930048465728759766e+00,-2.881945610046386719e+00,1.519689321517944336e+00,-3.731897354125976562e+00
-1.705499887466430664e+00,4.806784152984619141e+00,9.827204346656799316e-01,-3.443998694419860840e-01,-6.243277713656425476e-02
-5.380823016166687012e-01,4.017775058746337891e+00,1.144597455859184265e-01,3.184767246246337891e+00,2.311721324920654297e+00
3.249227285385131836e+00,2.667761564254760742e+00,1.626632213592529297e+00,2.689771175384521484e+00,-4.026741981506347656e+00
-2.296765565872192383e+00,2.099505424499511719e+00,4.999535977840423584e-01,5.221118927001953125e+00,-5.676642060279846191e-01
2.799535036087036133e+00,9.842384457588195801e-01,-3.941781282424926758e+00,3.897758200764656067e-02,-1.858499288558959961e+00
2.601661682128906250e+00,-2.242365598678588867e+00,-1.157103180885314941e+00,-1.047852396965026855e+00,-1.781869173049926758e+00
2.259378433227539062e+00,-3.721421957015991211e-01,-3.352949142456054688e+00,-2.694140672683715820e+00,-1.276986360549926758e+00
3.204710960388183594e+00,1.541538685560226440e-01,-1.991887569427490234e+00,-1.448962807655334473e+00,-1.980570554733276367e+00
4.512656211853027344e+00,3.818957209587097168e-01,2.025449991226196289e+00,1.730488300323486328e+00,8.086132407188415527e-01
4.761317729949951172e+00,1.410176753997802734e+00,1.698945522308349609e+00,-2.883282184600830078e+00,-3.888609647750854492e+00
2.259381055831909180e+00,-3.721404969692230225e-01,-3.352950811386108398e+00,-2.694142103195190430e+00,-1.276983141899108887e+00
5.188005447387695312e+00,2.918263196945190430e+00,3.959784030914306641e+00,-4.223758697509765625e+00,-4.162950992584228516e+00
1.963137030601501465e+00,2.216317892074584961e+00,-2.244376659393310547e+00,-4.148533344268798828e+00,-1.484825730323791504e+00
2.766455173492431641e+00,-2.211111485958099365e-01,-4.230179786682128906e+00,-8.647288680076599121e-01,-2.212406396865844727e+00
4.433634757995605469e+00,-1.232506632804870605e+00,-2.410219907760620117e+00,-7.367269992828369141e-01,-8.198319077491760254e-01
4.226707458496093750e+00,4.679752588272094727e-01,-2.659744739532470703e+00,8.969044685363769531e-01,-1.624876856803894043e+00
2.407791376113891602e+00,1.218250751495361328e+00,-2.976365566253662109e+00,9.812452197074890137e-01,-1.085692644119262695e+00
2.971116065979003906e+00,7.630468606948852539e-01,-3.579091072082519531e+00,3.932944536209106445e-01,-1.179724574089050293e+00
2.402948856353759766e+00,-1.034031152725219727e+00,-3.419766426086425781e+00,-2.379431962966918945e+00,-1.186554074287414551e+00
1.439251303672790527e+00,4.543368518352508545e-01,-3.242818355560302734e+00,-1.560014247894287109e+00,2.953003719449043274e-02
3.721757411956787109e+00,-5.080314874649047852e-01,9.978759884834289551e-01,-7.794157505035400391e+00,-5.871974229812622070e-01
4.949256420135498047e+00,5.460879206657409668e-01,3.582064807415008545e-01,-1.017748236656188965e+00,-4.631662070751190186e-01
1.658758282661437988e+00,-9.923982024192810059e-01,-2.785459280014038086e+00,-5.044803619384765625e+00,-1.757287979125976562e+00
4.690319061279296875e+00,4.083185270428657532e-02,-1.975006818771362305e+00,-1.138586759567260742e+00,-1.974838972091674805e+00
4.307785034179687500e+00,3.232012391090393066e-01,-2.476163148880004883e+00,1.131824374198913574e+00,-9.009341001510620117e-01
2.900846004486083984e+00,-1.063822627067565918e+00,-3.545728683471679688e+00,-1.607219457626342773e+00,-1.507471203804016113e-01
3.047763109207153320e+00,-1.201183915138244629e+00,-2.876466035842895508e+00,-2.876644432544708252e-01,-3.004992723464965820e+00
1.963137984275817871e+00,2.216317415237426758e+00,-2.244377613067626953e+00,-4.148534297943115234e+00,-1.484825611114501953e+00
3.140548706054687500e+00,-6.505053639411926270e-01,-2.079353809356689453e+00,-2.872575759887695312e+00,3.176328539848327637e-01
3.204708337783813477e+00,1.541513055562973022e-01,-1.991884708404541016e+00,-1.448957443237304688e+00,-1.980518460273742676e+00
4.761339664459228516e+00,1.105289936065673828e+00,-6.594009995460510254e-01,-1.640413045883178711e+00,-3.227241277694702148e+00
3.204703807830810547e+00,1.541538536548614502e-01,-1.991881728172302246e+00,-1.448957681655883789e+00,-1.980456233024597168e+00
3.204704284667968750e+00,1.541601568460464478e-01,-1.991885066032409668e+00,-1.448962330818176270e+00,-1.980421423912048340e+00
4.136613845825195312e+00,-1.170473575592041016e+00,-2.541880607604980469e+00,-2.070713996887207031e+00,-2.061970710754394531e+00
3.204709291458129883e+00,1.541528403759002686e-01,-1.991885304450988770e+00,-1.448959589004516602e+00,-1.980518221855163574e+00
4.434988498687744141e+00,-5.322268605232238770e-01,-2.243118286132812500e+00,-2.030079603195190430e+00,-3.923030614852905273e+00
3.294363498687744141e+00,5.205419063568115234e-01,-3.151796340942382812e+00,-1.517725825309753418e+00,-1.619263529777526855e+00
3.332776308059692383e+00,-4.712059497833251953e-01,-4.520680904388427734e+00,2.559723854064941406e-01,-2.932353019714355469e+00
1.091194510459899902e+00,3.204691410064697266e+00,-4.010615825653076172e+00,-1.209973573684692383e+00,-1.380411505699157715e+00
3.396085500717163086e+00,-5.597788095474243164e-01,-2.263435363769531250e+00,-2.198999166488647461e+00,-2.605386495590209961e+00
-2.532419562339782715e-01,5.166049480438232422e+00,-1.791966915130615234e+00,-6.101383566856384277e-01,1.043114781379699707e+00
2.407792329788208008e+00,1.218252658843994141e+00,-2.976366519927978516e+00,9.812434315681457520e-01,-1.085693717002868652e+00
3.780211687088012695e+00,-6.047089695930480957e-01,-2.245772361755371094e+00,-3.210408926010131836e+00,-7.655044198036193848e-01
3.233676910400390625e+00,4.251451790332794189e-01,-1.928320765495300293e+00,-1.878369212150573730e+00,-1.090248942375183105e+00
3.276278734207153320e+00,9.917485713958740234e-01,-1.997839093208312988e+00,-1.687776207923889160e+00,-2.502928495407104492e+00
3.078221797943115234e+00,-3.371729552745819092e-01,-3.418392419815063477e+00,-2.846261262893676758e+00,-2.368878364562988281e+00
3.123385190963745117e+00,2.552999496459960938e+00,-1.584875464439392090e+00,-4.423514842987060547e+00,-3.306836128234863281e+00
3.204702615737915039e+00,1.541513204574584961e-01,-1.991880536079406738e+00,-1.448957562446594238e+00,-1.980465292930603027e+00
3.110120058059692383e+00,-9.936338663101196289e-01,-7.899335622787475586e-01,-6.205838203430175781e+00,-2.875978648662567139e-01
3.233673095703125000e+00,4.251460433006286621e-01,-1.928321123123168945e+00,-1.878367900848388672e+00,-1.090263366699218750e+00
2.933987855911254883e+00,-1.112006187438964844e+00,-7.128070592880249023e-01,-7.862106323242187500e+00,-7.905913591384887695e-01
2.747388601303100586e+00,3.033296950161457062e-02,-7.763164043426513672e-01,-6.680557727813720703e+00,-5.687093362212181091e-02
3.225536584854125977e+00,-6.292328238487243652e-01,-6.345164775848388672e-01,-6.054433822631835938e+00,-7.022787332534790039e-01
3.396088838577270508e+00,-5.597720742225646973e-01,-2.263437747955322266e+00,-2.199001073837280273e+00,-2.605383396148681641e+00
3.233676910400390625e+00,4.251467585563659668e-01,-1.928323745727539062e+00,-1.878367424011230469e+00,-1.090265512466430664e+00
3.001394033432006836e+00,1.030526041984558105e+00,-2.959226131439208984e+00,1.214329361915588379e+00,-5.117070674896240234e-01
1.221196651458740234e+00,-3.590294718742370605e-01,-3.963258266448974609e+00,-2.253291606903076172e+00,-3.306412696838378906e+00
3.908566474914550781e+00,-9.304375052452087402e-01,-2.863791704177856445e+00,-1.118630409240722656e+00,-7.518510818481445312e-01
4.974789619445800781e+00,6.803091168403625488e-01,2.669606447219848633e+00,-6.522091865539550781e+00,-1.451069265604019165e-01
3.555930852890014648e+00,8.921820670366287231e-02,-2.309216976165771484e+00,-3.396687746047973633e+00,-1.239562273025512695e+00
3.068361282348632812e+00,-4.496704936027526855e-01,-2.136313199996948242e+00,-3.470146179199218750e+00,-1.896217226982116699e+00
2.561841726303100586e+00,-6.848011016845703125e-01,-3.467334508895874023e+00,-1.809390664100646973e+00,6.786245107650756836e-01
3.233675241470336914e+00,4.251460134983062744e-01,-1.928321361541748047e+00,-1.878368616104125977e+00,-1.090266346931457520e+00
3.294363021850585938e+00,5.205400586128234863e-01,-3.151795387268066406e+00,-1.517724394798278809e+00,-1.619267702102661133e+00
3.908565759658813477e+00,-9.304377436637878418e-01,-2.863790988922119141e+00,-1.118630051612854004e+00,-7.518511414527893066e-01
3.189459323883056641e+00,-9.759703278541564941e-01,-3.218988180160522461e+00,-2.954878807067871094e+00,-1.756753683090209961e+00
3.870111942291259766e+00,-1.374685049057006836e+00,-4.854265213012695312e+00,7.525908946990966797e-01,-1.934458374977111816e+00
2.259379625320434570e+00,-3.721427321434020996e-01,-3.352949619293212891e+00,-2.694140672683715820e+00,-1.276984333992004395e+00
1.439251184463500977e+00,4.543369114398956299e-01,-3.242818593978881836e+00,-1.560014367103576660e+00,2.952863462269306183e-02
2.454140901565551758e+00,-1.003623723983764648e+00,-4.157703876495361328e+00,-5.854604840278625488e-01,-3.256834983825683594e+00
3.716608762741088867e+00,2.815053239464759827e-02,-2.628096580505371094e+00,-2.448104619979858398e+00,-2.335176229476928711e+00
3.233673334121704102e+00,4.251450002193450928e-01,-1.928320765495300293e+00,-1.878367424011230469e+00,-1.090259432792663574e+00
3.396085023880004883e+00,-5.597694516181945801e-01,-2.263436555862426758e+00,-2.198998689651489258e+00,-2.605389833450317383e+00
2.325138092041015625e+00,4.767083227634429932e-01,-2.174806833267211914e+00,-1.579097390174865723e+00,-1.899244189262390137e+00
1.966410875320434570e+00,2.799264907836914062e+00,-9.311870932579040527e-01,-1.911637902259826660e+00,8.174254894256591797e-01
3.863193035125732422e+00,-5.241972804069519043e-01,-3.595472335815429688e+00,6.623297333717346191e-01,-2.808740854263305664e+00
6.376891613006591797e+00,6.039853692054748535e-01,1.105172991752624512e+00,-1.249519705772399902e+00,-2.686198711395263672e+00
3.789421319961547852e+00,-1.953321695327758789e-01,-2.725350856781005859e+00,-1.383032679557800293e+00,-1.111920952796936035e+00
3.396087169647216797e+00,-5.597719550132751465e-01,-2.263437271118164062e+00,-2.198998689651489258e+00,-2.605383157730102539e+00
3.396085500717163086e+00,-5.597763061523437500e-01,-2.263436317443847656e+00,-2.198997735977172852e+00,-2.605381965637207031e+00
3.189458847045898438e+00,-9.759706258773803711e-01,-3.218988180160522461e+00,-2.954878568649291992e+00,-1.756754994392395020e+00
5.076798915863037109e+00,-6.755612492561340332e-01,-3.098712444305419922e+00,8.492451906204223633e-01,-1.589198708534240723e+00
4.136613368988037109e+00,-1.170472383499145508e+00,-2.541881561279296875e+00,-2.070713996887207031e+00,-2.061971187591552734e+00
3.204709768295288086e+00,1.541546285152435303e-01,-1.991888165473937988e+00,-1.448961615562438965e+00,-1.980544447898864746e+00
2.359146118164062500e+00,-7.339822053909301758e-01,-3.038711309432983398e+00,-3.637899637222290039e+00,-1.795432686805725098e+00
2.966008663177490234e+00,-1.409342586994171143e-01,-5.210565567016601562e+00,1.231080293655395508e+00,-2.786809206008911133e+00
3.412003040313720703e+00,-1.763375759124755859e+00,-3.216021776199340820e+00,-2.841401338577270508e+00,-1.690518856048583984e+00
4.136613368988037109e+00,-1.170473575592041016e+00,-2.541881322860717773e+00,-2.070715427398681641e+00,-2.061970710754394531e+00
1.815747857093811035e+00,-1.317242980003356934e+00,-2.541648387908935547e+00,-4.187179565429687500e+00,-6.478025913238525391e-01
2.054019451141357422e+00,-1.307923436164855957e+00,-4.366969585418701172e+00,-1.931706190109252930e+00,-1.047713875770568848e+00
2.259379386901855469e+00,-3.721413910388946533e-01,-3.352948904037475586e+00,-2.694140672683715820e+00,-1.276985764503479004e+00
3.042118310928344727e+00,-6.050270795822143555e-01,-1.296835303306579590e+00,-2.576465606689453125e-01,-2.604816675186157227e+00
2.359146118164062500e+00,-7.339830398559570312e-01,-3.038711309432983398e+00,-3.637899398803710938e+00,-1.795437335968017578e+00
3.176117897033691406e+00,-4.910637736320495605e-01,-2.276736736297607422e+00,-1.631122708320617676e+00,-3.021764457225799561e-01
4.240604877471923828e+00,-3.463917672634124756e-01,-1.971737027168273926e+00,-7.483063936233520508e-01,-5.967302918434143066e-01
3.068361043930053711e+00,-4.496705532073974609e-01,-2.136312961578369141e+00,-3.470146656036376953e+00,-1.896221876144409180e+00
2.402948856353759766e+00,-1.034029603004455566e+00,-3.419766187667846680e+00,-2.379432916641235352e+00,-1.186552166938781738e+00
3.396084785461425781e+00,-5.597743391990661621e-01,-2.263435840606689453e+00,-2.198999881744384766e+00,-2.605396032333374023e+00
3.961196422576904297e+00,-5.454567670822143555e-01,-2.343658924102783203e+00,-2.418239831924438477e+00,-1.644310355186462402e+00
1.658758759498596191e+00,-9.923983812332153320e-01,-2.785459041595458984e+00,-5.044803142547607422e+00,-1.757287740707397461e+00
4.136613368988037109e+00,-1.170472621917724609e+00,-2.541881799697875977e+00,-2.070714235305786133e+00,-2.061971187591552734e+00
3.396084785461425781e+00,-5.597732067108154297e-01,-2.263436079025268555e+00,-2.198998212814331055e+00,-2.605397224426269531e+00
1.611612915992736816e+00,-2.483893871307373047e+00,-2.748908758163452148e+00,-7.652805328369140625e+00,-1.670780539512634277e+00
4.027531147003173828e+00,-7.390012145042419434e-01,-3.856991291046142578e+00,7.760560512542724609e-01,-1.157414674758911133e+00
-4.156027734279632568e-01,-7.777506709098815918e-01,-1.249889492988586426e+00,2.119669437408447266e+00,4.918796062469482422e+00
-4.156040251255035400e-01,-7.777504324913024902e-01,-1.249889373779296875e+00,2.119669198989868164e+00,4.918795585632324219e+00
2.695054769515991211e+00,-5.086149692535400391e+00,4.192611694335937500e+00,1.955370664596557617e+00,8.412783741950988770e-01
8.484266400337219238e-01,-3.444777250289916992e+00,4.177242890000343323e-02,1.728435754776000977e+00,5.892971992492675781e+00
2.461719989776611328e+00,-2.581192493438720703e+00,2.112815856933593750e+00,2.414167165756225586e+00,2.401849269866943359e+00
2.294242143630981445e+00,-2.612113237380981445e+00,2.458732366561889648e+00,2.278994083404541016e+00,2.285446643829345703e+00
2.294244050979614258e+00,-2.612113714218139648e+00,2.458731889724731445e+00,2.278993129730224609e+00,2.285447359085083008e+00
2.304094552993774414e+00,-2.540384829044342041e-01,2.444642066955566406e+00,2.373387098312377930e+00,2.853508949279785156e+00
1.087887287139892578e+00,-2.909849643707275391e+00,1.708948612213134766e+00,2.688141584396362305e+00,2.695334434509277344e+00
2.294241189956665039e+00,-2.612113475799560547e+00,2.458733081817626953e+00,2.278994798660278320e+00,2.285446882247924805e+00
2.294243335723876953e+00,-2.612113714218139648e+00,2.458731889724731445e+00,2.278992891311645508e+00,2.285446882247924805e+00
1.087887287139892578e+00,-2.909848928451538086e+00,1.708948969841003418e+00,2.688141822814941406e+00,2.695334196090698242e+00
1.348140716552734375e+00,2.049230337142944336e+00,9.547721147537231445e-01,-3.116168081760406494e-01,4.270895004272460938e+00
1.330012083053588867e+00,1.204179406166076660e+00,-2.804433703422546387e-01,1.546204090118408203e+00,5.804810523986816406e+00
5.540860891342163086e-01,6.979288458824157715e-01,4.879798889160156250e-01,4.943607449531555176e-01,6.150873184204101562e+00
4.242834150791168213e-01,3.996118605136871338e-01,4.539618194103240967e-01,4.282369911670684814e-01,6.275376796722412109e+00
5.454431772232055664e-01,8.598796725273132324e-01,3.823574185371398926e-01,6.881382465362548828e-01,5.932266235351562500e+00
2.294243335723876953e+00,-2.612112522125244141e+00,2.458732604980468750e+00,2.278992652893066406e+00,2.285446643829345703e+00
2.156975746154785156e+00,-3.069087564945220947e-01,2.535711526870727539e+00,2.286588907241821289e+00,2.866369724273681641e+00
2.021528005599975586e+00,-6.047988414764404297e+00,3.079690217971801758e+00,2.110843181610107422e+00,1.028225779533386230e+00
2.021527528762817383e+00,-6.047987461090087891e+00,3.079689979553222656e+00,2.110842704772949219e+00,1.028225064277648926e+00
2.204754829406738281e+00,-7.455320358276367188e+00,5.494688987731933594e+00,6.710992455482482910e-01,3.486946523189544678e-01
1.669024944305419922e+00,1.095427989959716797e+00,-1.082467958331108093e-01,2.258613109588623047e+00,4.279411792755126953e+00
2.850854158401489258e+00,1.074861168861389160e+00,6.917988657951354980e-01,2.207208156585693359e+00,3.520242452621459961e+00
4.044656276702880859e+00,-2.954575121402740479e-01,5.189190506935119629e-01,1.810858368873596191e+00,2.695338726043701172e+00
2.905136585235595703e+00,9.257007241249084473e-01,7.379641532897949219e-01,2.177715301513671875e+00,3.611678600311279297e+00
-3.374845385551452637e-01,-1.400009274482727051e+00,-3.782796561717987061e-01,1.291109681129455566e+00,7.045867919921875000e+00
3.269850909709930420e-01,-2.532275199890136719e+00,8.044214248657226562e-01,2.759329415857791901e-02,6.147414207458496094e+00
2.397552013397216797e+00,-2.013538122177124023e+00,2.115782737731933594e+00,1.119906663894653320e+00,3.022656917572021484e+00
1.394813060760498047e+00,1.743131637573242188e+00,-6.998530030250549316e-01,1.494236469268798828e+00,3.747591495513916016e+00
5.689392089843750000e+00,-3.594007968902587891e+00,2.364779233932495117e+00,1.819606184959411621e+00,-1.459457635879516602e+00
6.144404411315917969e+00,-4.203973293304443359e+00,1.236579179763793945e+00,1.547850728034973145e+00,-2.227445602416992188e+00
5.689392089843750000e+00,-3.594007015228271484e+00,2.364779710769653320e+00,1.819606542587280273e+00,-1.459458708763122559e+00
6.144402980804443359e+00,-4.203972816467285156e+00,1.236580371856689453e+00,1.547851324081420898e+00,-2.227445602416992188e+00
5.689392089843750000e+00,-3.594008445739746094e+00,2.364779949188232422e+00,1.819605946540832520e+00,-1.459458112716674805e+00
2.247663736343383789e+00,2.611348628997802734e+00,6.517453193664550781e+00,-3.866340160369873047e+00,6.413907527923583984e+00
2.235902309417724609e+00,2.363509416580200195e+00,7.173539638519287109e+00,-4.272768020629882812e+00,6.981962203979492188e+00
2.018746137619018555e-01,3.705547749996185303e-02,1.034977912902832031e+00,7.796031981706619263e-02,6.492078781127929688e+00
2.045650482177734375e-01,-5.209883302450180054e-02,1.002221584320068359e+00,5.523338541388511658e-02,6.325351715087890625e+00
3.165994882583618164e+00,-2.235861271619796753e-01,7.151998519897460938e+00,-4.334966659545898438e+00,4.623805046081542969e+00
2.292848825454711914e+00,4.914301335811614990e-01,5.012110233306884766e+00,-3.134100437164306641e+00,6.038315773010253906e+00
1.865889668464660645e+00,5.595730543136596680e-01,5.890311717987060547e+00,-2.894260406494140625e+00,5.214267253875732422e+00
2.554909467697143555e+00,-7.119650393724441528e-02,4.957257270812988281e+00,-3.075999259948730469e+00,6.149322986602783203e+00
1.763482809066772461e+00,2.978018522262573242e-01,4.697996616363525391e+00,-2.077201128005981445e+00,5.297503948211669922e+00
2.211336374282836914e+00,5.181469917297363281e-01,5.769526004791259766e+00,-3.216350793838500977e+00,5.465832233428955078e+00
1.953343510627746582e+00,1.569135546684265137e+00,-2.247532010078430176e-01,1.666457772254943848e+00,3.254770994186401367e+00
2.389456748962402344e+00,9.994862079620361328e-01,-2.394866645336151123e-01,1.730873465538024902e+00,2.692889213562011719e+00
1.953343749046325684e+00,1.569135427474975586e+00,-2.247536033391952515e-01,1.666458129882812500e+00,3.254771232604980469e+00
9.226996302604675293e-01,-1.355672478675842285e-01,-1.967435359954833984e+00,2.755138397216796875e+00,3.447669506072998047e+00
8.193517923355102539e-01,-1.090772822499275208e-01,-2.046671152114868164e+00,2.718404293060302734e+00,3.568145751953125000e+00
7.607501745223999023e-01,-7.295198440551757812e-01,-1.840146899223327637e+00,2.621269226074218750e+00,3.101339817047119141e+00
1.005914568901062012e+00,-4.156620800495147705e-01,-1.839170813560485840e+00,2.820917606353759766e+00,3.000106096267700195e+00
1.005913615226745605e+00,-4.156621098518371582e-01,-1.839170455932617188e+00,2.820918321609497070e+00,3.000105619430541992e+00
4.957962632179260254e-01,-3.242376089096069336e+00,-1.158091187477111816e+00,5.182461142539978027e-01,1.834152936935424805e+00
8.018844127655029297e-01,-5.124200582504272461e-01,-2.041432619094848633e+00,2.780979394912719727e+00,2.998928546905517578e+00
1.074092864990234375e+00,-2.466956615447998047e+00,-1.552987337112426758e+00,1.236749291419982910e+00,2.424414157867431641e+00
8.367870450019836426e-01,-4.674382686614990234e+00,2.723869085311889648e+00,-2.345753669738769531e+00,5.393074035644531250e+00
2.424880862236022949e-01,-2.136034011840820312e+00,-1.491809487342834473e+00,5.136017799377441406e-01,7.356550216674804688e+00
-6.328705549240112305e-01,-1.513938546180725098e+00,-1.075337648391723633e+00,9.439467787742614746e-01,6.905270576477050781e+00
5.997970700263977051e-01,-3.360354661941528320e+00,4.961926639080047607e-01,1.712229728698730469e+00,5.893665790557861328e+00
1.243983983993530273e+00,-8.397445827722549438e-02,1.817636132240295410e+00,1.979383587837219238e+00,2.926148891448974609e+00
3.153740644454956055e+00,-3.162488222122192383e+00,1.528581619262695312e+00,1.688406348228454590e+00,3.246238231658935547e+00
1.243984341621398926e+00,-8.397427201271057129e-02,1.817636609077453613e+00,1.979383826255798340e+00,2.926149129867553711e+00
2.679606437683105469e+00,-1.374180197715759277e+00,2.158925056457519531e+00,1.981145262718200684e+00,3.248351097106933594e+00
2.865988731384277344e+00,-2.463681936264038086e+00,1.822979569435119629e+00,1.800223350524902344e+00,3.227568626403808594e+00
3.153740167617797852e+00,-3.162487506866455078e+00,1.528581500053405762e+00,1.688406229019165039e+00,3.246238231658935547e+00
1.687336564064025879e+00,4.171850681304931641e-01,1.936041951179504395e+00,2.360474586486816406e+00,2.897439718246459961e+00
1.687337040901184082e+00,4.171846508979797363e-01,1.936041116714477539e+00,2.360474348068237305e+00,2.897440195083618164e+00
2.965884447097778320e+00,-1.709673404693603516e+00,2.672887325286865234e+00,2.460952758789062500e+00,1.472678422927856445e+00
1.038463711738586426e+00,-5.376600265502929688e+00,3.077903985977172852e+00,6.973174214363098145e-01,1.403059244155883789e+00
2.512064218521118164e+00,-2.276406437158584595e-01,2.524426460266113281e+00,2.590297937393188477e+00,2.307538986206054688e+00
1.744983792304992676e+00,-3.399282693862915039e+00,1.580126762390136719e+00,2.131290435791015625e+00,3.805676221847534180e+00
2.546559810638427734e+00,-2.970008611679077148e+00,2.513393402099609375e+00,2.708093881607055664e+00,1.223621845245361328e+00
2.546559572219848633e+00,-2.970010519027709961e+00,2.513393402099609375e+00,2.708093643188476562e+00,1.223621726036071777e+00
2.557976961135864258e+00,-2.767953872680664062e+00,3.411976993083953857e-01,1.186267733573913574e+00,4.558892250061035156e+00
2.244911670684814453e+00,-3.311684131622314453e+00,2.832447052001953125e+00,1.852968573570251465e+00,1.302867293357849121e+00
3.835797071456909180e+00,-3.439850330352783203e+00,1.680585980415344238e+00,7.537443041801452637e-01,5.039768695831298828e+00
1.843538641929626465e+00,-4.429981231689453125e+00,5.933502912521362305e-01,1.541865944862365723e+00,4.445645809173583984e+00
1.891828536987304688e+00,-6.609162330627441406e+00,3.466862916946411133e+00,-4.139393329620361328e+00,4.723667621612548828e+00
3.185467422008514404e-02,-3.401466131210327148e+00,3.235725164413452148e+00,-6.591826438903808594e+00,4.544022560119628906e+00
-3.851293325424194336e-01,-7.386909008026123047e+00,3.640253543853759766e+00,-4.332550048828125000e+00,3.252627372741699219e+00
7.117317318916320801e-01,-6.720674514770507812e+00,4.850307464599609375e+00,-4.669242382049560547e+00,2.836804628372192383e+00
2.780689001083374023e+00,7.941770553588867188e-01,-2.448754459619522095e-01,1.935417413711547852e+00,2.554437637329101562e+00
2.333496570587158203e+00,-2.113988399505615234e+00,2.166476011276245117e+00,2.418198823928833008e+00,1.006930232048034668e+00
1.956352591514587402e+00,3.323634564876556396e-01,2.087197780609130859e+00,2.603270530700683594e+00,2.502465486526489258e+00
2.420548796653747559e-01,-7.004862785339355469e+00,4.197119235992431641e+00,-4.339650154113769531e+00,2.930794000625610352e+00
2.420556992292404175e-01,-7.004862785339355469e+00,4.197119712829589844e+00,-4.339648723602294922e+00,2.930794954299926758e+00
-3.851300179958343506e-01,-7.386909961700439453e+00,3.640253782272338867e+00,-4.332550525665283203e+00,3.252627134323120117e+00
1.243985056877136230e+00,-8.397508412599563599e-02,1.817636847496032715e+00,1.979383945465087891e+00,2.926149129867553711e+00
1.956352114677429199e+00,3.323634564876556396e-01,2.087197780609130859e+00,2.603270530700683594e+00,2.502466201782226562e+00
2.333499908447265625e+00,-2.113988399505615234e+00,2.166475772857666016e+00,2.418198347091674805e+00,1.006930351257324219e+00
2.333498001098632812e+00,-2.113987207412719727e+00,2.166475057601928711e+00,2.418198585510253906e+00,1.006929516792297363e+00
7.988100051879882812e-01,-2.457607746124267578e+00,7.955789566040039062e-01,1.383969187736511230e+00,5.828760147094726562e+00
5.201921939849853516e+00,-2.388724327087402344e+00,2.019223928451538086e+00,4.830102622509002686e-01,2.949335813522338867e+00
1.219392538070678711e+00,-1.592270851135253906e+00,1.692919731140136719e+00,5.550675392150878906e-01,5.345516681671142578e+00
2.324918985366821289e+00,-1.812800168991088867e+00,6.188892126083374023e-01,7.280546426773071289e-01,5.465765476226806641e+00
7.114585638046264648e-01,-2.549112081527709961e+00,1.108206629753112793e+00,1.265488386154174805e+00,5.658693313598632812e+00
4.116257727146148682e-01,-3.261286735534667969e+00,6.854909658432006836e-01,1.917697429656982422e+00,5.709576129913330078e+00
1.179578304290771484e+00,-1.817459344863891602e+00,9.572055935859680176e-01,1.372803449630737305e+00,5.587655067443847656e+00
7.410434484481811523e-01,-3.411765575408935547e+00,3.456540703773498535e-01,1.616697788238525391e+00,5.838649272918701172e+00
-3.928613424301147461e+00,1.378506422042846680e-01,1.121523141860961914e+00,2.648887634277343750e+00,6.913922429084777832e-01
-3.515360355377197266e+00,-3.444769620895385742e+00,2.587402582168579102e+00,1.504905104637145996e+00,-1.047275781631469727e+00
-3.783989906311035156e+00,-3.270607471466064453e+00,2.620249986648559570e+00,1.548881530761718750e+00,-1.684473633766174316e+00
-1.815064787864685059e+00,-3.082266092300415039e+00,2.370293617248535156e+00,2.388783693313598633e+00,-2.804967641830444336e+00
-4.235101699829101562e+00,-1.522918820381164551e+00,1.752689599990844727e+00,1.695945739746093750e+00,-3.034547567367553711e-01
-3.455825090408325195e+00,2.784855127334594727e+00,-1.923494458198547363e+00,-4.365361034870147705e-01,-2.154309272766113281e+00
-3.314852714538574219e+00,2.545054912567138672e+00,2.844748497009277344e+00,1.993068099021911621e+00,1.184783577919006348e+00
-1.837979555130004883e+00,2.685944795608520508e+00,-5.080822706222534180e-01,4.639663696289062500e+00,-3.745549023151397705e-01
-2.851737022399902344e+00,1.046604871749877930e+00,5.677927136421203613e-01,3.668216705322265625e+00,-5.133863091468811035e-01
-2.946363687515258789e+00,1.013784408569335938e+00,1.320726424455642700e-01,3.368227005004882812e+00,-8.392220139503479004e-01
9.982920289039611816e-01,4.035125732421875000e+00,9.778532028198242188e+00,-6.406708240509033203e+00,-5.745121955871582031e+00
-3.464504003524780273e+00,3.314026296138763428e-01,2.647418498992919922e+00,-7.872711420059204102e-01,-4.776135444641113281e+00
-4.275811195373535156e+00,8.359428644180297852e-01,3.483102321624755859e+00,1.295782446861267090e+00,3.508605360984802246e-01
-3.712461471557617188e+00,1.763447165489196777e+00,1.160956263542175293e+00,3.639433145523071289e+00,8.480307459831237793e-02
-4.539293289184570312e+00,5.709854364395141602e-01,1.486290454864501953e+00,3.262710809707641602e+00,-3.399468362331390381e-01
-9.216524958610534668e-01,1.500561356544494629e+00,-7.124522328376770020e-01,-3.849637746810913086e+00,-5.702862262725830078e+00
-4.840056419372558594e+00,1.902856707572937012e+00,1.651525020599365234e+00,2.243199348449707031e+00,-5.067737698554992676e-01
-4.605490684509277344e+00,2.925823450088500977e+00,3.329675197601318359e+00,4.621442556381225586e-01,3.822488486766815186e-01
1.440765738487243652e+00,4.180220127105712891e+00,9.483439445495605469e+00,-5.794216156005859375e+00,-5.295930862426757812e+00
-3.661722421646118164e+00,1.750060558319091797e+00,6.951307058334350586e-01,3.890312194824218750e+00,-2.368809431791305542e-01
-3.543063402175903320e+00,2.582540750503540039e+00,8.224677443504333496e-01,3.190512180328369141e+00,6.265137195587158203e-01
9.982924461364746094e-01,4.035123825073242188e+00,9.778532028198242188e+00,-6.406708240509033203e+00,-5.745124340057373047e+00
1.749468892812728882e-01,3.579579830169677734e+00,8.547332763671875000e+00,-5.840281009674072266e+00,-5.768032550811767578e+00
-3.494232654571533203e+00,-1.253889948129653931e-01,1.701735019683837891e+00,3.515862941741943359e+00,-3.528634309768676758e+00
-4.639068126678466797e+00,-2.357916831970214844e+00,2.179355144500732422e+00,1.408402323722839355e+00,-2.317029714584350586e+00
-1.258202195167541504e+00,3.315006732940673828e+00,6.151784658432006836e-01,3.682169198989868164e+00,6.819670796394348145e-01
-4.759457111358642578e+00,-2.907853126525878906e+00,3.337256908416748047e+00,4.118121862411499023e-01,-3.454926729202270508e+00
-1.414569377899169922e+00,3.245058298110961914e+00,7.186769843101501465e-01,3.691822290420532227e+00,4.061609208583831787e-01
-1.955451369285583496e-01,5.827459335327148438e+00,1.645810723304748535e+00,9.368521571159362793e-01,3.496237695217132568e-01
-2.580360412597656250e+00,2.188418626785278320e+00,4.472109377384185791e-01,3.967521905899047852e+00,1.981838196516036987e-01
-3.550396919250488281e+00,2.094781696796417236e-01,5.664166808128356934e-01,2.709547281265258789e+00,3.828310966491699219e-02
-4.782277584075927734e+00,1.847426056861877441e+00,1.428494930267333984e+00,3.462013483047485352e+00,3.200080096721649170e-01
-3.691162109375000000e+00,-5.437449932098388672e+00,6.532141208648681641e+00,3.016657531261444092e-01,-4.838181018829345703e+00
-4.267868518829345703e+00,-2.504029989242553711e+00,3.452849864959716797e+00,2.416093587875366211e+00,-1.366611003875732422e+00
-3.533119916915893555e+00,2.215092182159423828e+00,1.565890669822692871e+00,3.304914712905883789e+00,2.833814918994903564e-01
-4.506546497344970703e+00,1.810366988182067871e+00,1.128524541854858398e+00,3.418503284454345703e+00,2.427633404731750488e-01
-3.885230064392089844e+00,-1.351965188980102539e+00,1.507575035095214844e+00,1.864001512527465820e+00,-9.986932873725891113e-01
-4.120373725891113281e+00,-1.486631035804748535e+00,1.414249777793884277e+00,1.819920182228088379e+00,-4.634042382240295410e-01
-2.286758184432983398e+00,2.815376281738281250e+00,7.878341078758239746e-01,4.178762912750244141e+00,-4.475349783897399902e-01
-5.083040714263916016e+00,-1.864303946495056152e-01,3.641196250915527344e+00,-1.184191703796386719e+00,-4.677326679229736328e+00
-4.325687885284423828e+00,-2.659311771392822266e+00,2.022848606109619141e+00,1.281325817108154297e+00,-2.617209672927856445e+00
-3.609619617462158203e+00,2.503859519958496094e+00,1.480488657951354980e+00,2.622571229934692383e+00,3.862655162811279297e-01
-3.477052927017211914e+00,1.172498822212219238e+00,2.275176286697387695e+00,2.877093553543090820e+00,-1.091564655303955078e+00
-4.627191543579101562e+00,-3.096418619155883789e+00,2.239232778549194336e+00,8.923958539962768555e-01,-2.727274179458618164e+00
-2.824890851974487305e+00,2.437352657318115234e+00,1.992327928543090820e+00,2.860850572586059570e+00,-9.455144405364990234e-02
-4.564284324645996094e+00,-4.027563095092773438e+00,3.124993324279785156e+00,6.754932403564453125e-01,-3.469668388366699219e+00
-4.209901332855224609e+00,-1.548971414566040039e+00,2.639629840850830078e+00,1.117705345153808594e+00,-3.551392555236816406e+00
-4.596556663513183594e+00,-1.903293371200561523e+00,2.107401609420776367e+00,1.790730834007263184e+00,-1.931743144989013672e+00
-3.698288440704345703e+00,-8.248524069786071777e-01,2.019670963287353516e+00,1.327822804450988770e+00,-3.129380702972412109e+00
-2.783035278320312500e+00,1.019957661628723145e+00,3.577100336551666260e-01,3.573121309280395508e+00,-9.228573441505432129e-01
-1.415801763534545898e+00,8.708465099334716797e-01,-1.392799764871597290e-01,-6.081274509429931641e+00,-6.623982429504394531e+00
-2.948973178863525391e+00,-9.868938922882080078e-01,1.224299192428588867e+00,2.901538133621215820e+00,-1.840969085693359375e+00
-4.724178314208984375e+00,-3.811693191528320312e+00,3.271868228912353516e+00,8.480393886566162109e-01,-3.484421014785766602e+00
-4.113574504852294922e+00,-1.538496494293212891e+00,1.508670330047607422e+00,2.674780607223510742e+00,-2.380125999450683594e+00
-3.912937402725219727e+00,-3.544886350631713867e+00,2.007433891296386719e+00,1.165354251861572266e+00,-3.005827665328979492e+00
-2.417552947998046875e+00,1.938851475715637207e+00,2.321589440107345581e-01,4.407051086425781250e+00,-1.133008971810340881e-01
-4.598347187042236328e+00,-4.055272102355957031e+00,3.162836790084838867e+00,6.274191737174987793e-01,-3.415277004241943359e+00
-4.564283847808837891e+00,-4.027562141418457031e+00,3.124992847442626953e+00,6.754932403564453125e-01,-3.469666957855224609e+00
-4.737201690673828125e+00,-2.647268533706665039e+00,2.826624870300292969e+00,7.985753417015075684e-01,-2.984002113342285156e+00
-4.306907653808593750e+00,-1.334000229835510254e+00,1.985549569129943848e+00,1.507994771003723145e+00,-3.199743986129760742e+00
-4.381425857543945312e+00,-1.859642863273620605e+00,1.919132351875305176e+00,1.851049423217773438e+00,-2.886223077774047852e+00
-4.306908130645751953e+00,-1.333999514579772949e+00,1.985550522804260254e+00,1.507995128631591797e+00,-3.199743509292602539e+00
-4.759456634521484375e+00,-2.907851696014404297e+00,3.337256669998168945e+00,4.118119776248931885e-01,-3.454926967620849609e+00
-3.708322048187255859e+00,-1.756775617599487305e+00,2.738611698150634766e+00,2.573063373565673828e+00,-1.483292937278747559e+00
-6.400306820869445801e-01,2.643747329711914062e+00,5.330367088317871094e+00,-6.306514739990234375e-01,-2.445899963378906250e+00
-4.647787570953369141e+00,-2.290666580200195312e+00,3.510586738586425781e+00,1.646671056747436523e+00,-2.050331354141235352e+00
-2.600753784179687500e+00,2.317073583602905273e+00,4.333948194980621338e-01,3.867802143096923828e+00,-1.420979619026184082e+00
-3.180558204650878906e+00,2.636489868164062500e+00,9.268175363540649414e-01,3.295858860015869141e+00,5.562104582786560059e-01
-4.967799186706542969e+00,1.973521709442138672e+00,2.109092235565185547e+00,1.911634325981140137e+00,3.452771008014678955e-01
-4.733626842498779297e+00,1.400003671646118164e+00,1.407085776329040527e+00,2.996057748794555664e+00,8.102487921714782715e-01
-3.263611555099487305e+00,-7.368274927139282227e-01,-1.669746994972229004e+00,-2.916432380676269531e+00,-3.948152065277099609e+00
-5.454574823379516602e-01,2.492960453033447266e+00,5.547192096710205078e+00,-1.156963706016540527e+00,-1.762786388397216797e+00
-2.357012748718261719e+00,1.467636108398437500e+00,1.933300733566284180e+00,2.969906806945800781e+00,-1.931480288505554199e+00
-2.644450187683105469e+00,2.048179149627685547e+00,5.099266171455383301e-01,4.331278800964355469e+00,-4.879512998741120100e-04
-1.796224474906921387e+00,1.934163451194763184e+00,-4.567495360970497131e-02,4.755839824676513672e+00,-6.151242256164550781e-01
-4.208833694458007812e+00,1.060220718383789062e+00,1.382019996643066406e+00,3.753495693206787109e+00,-9.636850953102111816e-01
-5.065360546112060547e+00,-1.416170448064804077e-01,1.894140362739562988e+00,2.881435155868530273e+00,-4.049859941005706787e-01
-6.703354716300964355e-01,4.325594380497932434e-02,6.860671192407608032e-02,4.044497966766357422e+00,1.153978034853935242e-01
-2.512601613998413086e+00,1.886649131774902344e+00,4.866437315940856934e-01,4.617469787597656250e+00,-2.236075699329376221e-02
-2.763292789459228516e+00,2.329984664916992188e+00,1.340817093849182129e+00,3.177837848663330078e+00,-1.967770934104919434e+00
-1.307530522346496582e+00,1.956004261970520020e+00,4.809773921966552734e+00,1.153188869357109070e-01,-4.164803028106689453e+00
-1.619600057601928711e+00,1.150741934776306152e+00,7.051501750946044922e+00,-2.435401678085327148e+00,-7.097782611846923828e+00
-3.803594350814819336e+00,1.118241667747497559e+00,1.163618683815002441e+00,3.409721851348876953e+00,-6.501614451408386230e-01
-2.647025108337402344e+00,1.366170287132263184e+00,2.816838502883911133e+00,1.915050148963928223e+00,-1.150200292468070984e-01
-3.034458875656127930e+00,1.664548635482788086e+00,4.218100607395172119e-01,4.236574172973632812e+00,-2.031036376953125000e+00
-3.795114278793334961e+00,1.318159103393554688e+00,6.021818518638610840e-01,3.972011804580688477e+00,-1.610259056091308594e+00
-3.050352811813354492e+00,9.515451192855834961e-01,1.901623368263244629e+00,1.688239932060241699e+00,1.128889203071594238e+00
-4.459697723388671875e+00,1.304450392723083496e+00,3.378641128540039062e+00,1.533797860145568848e+00,1.745117455720901489e-01
-3.850882291793823242e+00,1.592645764350891113e+00,2.489828348159790039e+00,2.203455686569213867e+00,4.116707742214202881e-01
-3.028504848480224609e+00,2.467791557312011719e+00,4.308820664882659912e-01,3.958738803863525391e+00,-1.040663868188858032e-01
-3.443016529083251953e+00,1.051081061363220215e+00,2.736599445343017578e+00,2.381643056869506836e+00,-6.064372658729553223e-01
-4.459698677062988281e+00,1.304450869560241699e+00,3.378641128540039062e+00,1.533797383308410645e+00,1.745116859674453735e-01
-3.675496578216552734e+00,1.083217740058898926e+00,1.094635486602783203e+00,3.701411724090576172e+00,1.735029220581054688e+00
-3.091686725616455078e+00,1.091468453407287598e+00,2.579046964645385742e+00,1.882290840148925781e+00,5.506494045257568359e-01
-9.689873456954956055e-01,2.740324020385742188e+00,7.244434833526611328e+00,-2.677693843841552734e+00,-4.892330169677734375e-01
-2.600751876831054688e+00,1.292078137397766113e+00,2.218537330627441406e+00,1.582237839698791504e+00,1.237624526023864746e+00
-3.501016378402709961e+00,8.145059943199157715e-01,1.156307339668273926e+00,2.043524503707885742e+00,1.956733703613281250e+00
-3.928735733032226562e+00,1.247588992118835449e+00,2.966121733188629150e-01,4.130462169647216797e+00,-1.495283603668212891e+00
-3.237818479537963867e+00,2.239796400070190430e+00,8.705452084541320801e-01,3.244471311569213867e+00,-2.965815305709838867e+00
-1.250939011573791504e+00,4.158558845520019531e+00,3.985624313354492188e-01,3.726890802383422852e+00,1.017086029052734375e+00
